id_artikel,judul,isi_artikel,kategori,status_artikel,id_penulis,id_verifikator,tanggal_publish,created_at,updated_at
1,Deteksi Dini TBC pada Anak,"Pengobatan TBC anak harus tuntas minimal 6 bulan dengan kombinasi obat OAT (Obat Anti Tuberkulosis). Putus obat dapat menyebabkan resistensi dan kambuh. Orang tua harus memastikan anak minum obat secara teratur.

Tuberkulosis (TBC) pada anak dapat dicegah dengan vaksin BCG yang diberikan segera setelah lahir. Gejala TBC anak: batuk lebih dari 3 minggu, berat badan tidak naik, demam berkepanjangan, keringat malam tanpa aktivitas berat.

Kontak erat dengan penderita TBC dewasa meningkatkan risiko penularan pada anak. Lingkungan rumah dengan ventilasi dan sinar matahari cukup membantu mencegah penularan. Segera periksa jika ada kontak dengan penderita TBC.",Penyakit,Draft,237374,,,2025-11-21 16:01:12,2025-11-21 16:01:12
2,Pentingnya Buku KIA,"Imunisasi adalah upaya pemberian vaksin untuk membentuk kekebalan tubuh terhadap penyakit tertentu. Di Indonesia, program imunisasi dasar lengkap meliputi HB-0, BCG, Polio, DPT-HB-Hib, dan MR. Imunisasi sangat penting untuk mencegah penyakit berbahaya seperti campak, polio, dan tuberkulosis. Pastikan anak Anda mendapatkan imunisasi sesuai jadwal yang telah ditentukan.

Jadwal imunisasi yang teratur akan melindungi anak dari berbagai penyakit infeksi. Kekebalan kelompok (herd immunity) tercapai jika minimal 95% anak telah diimunisasi. Oleh karena itu, partisipasi aktif orang tua sangat diperlukan. Jangan ragu untuk berkonsultasi dengan bidan atau dokter anak tentang jadwal imunisasi.

Efek samping imunisasi umumnya ringan seperti demam ringan atau bengkak di bekas suntikan. Hal ini normal dan akan hilang dalam 1-2 hari. Berikan ASI lebih sering atau kompres hangat untuk mengurangi rasa tidak nyaman. Segera hubungi tenaga kesehatan jika terjadi reaksi berat.",Kehamilan,Ditolak,201677,229645,,2025-10-05 04:24:13,2025-10-05 04:24:13
3,Deteksi Dini TBC pada Anak,"Tuberkulosis (TBC) pada anak dapat dicegah dengan vaksin BCG yang diberikan segera setelah lahir. Gejala TBC anak: batuk lebih dari 3 minggu, berat badan tidak naik, demam berkepanjangan, keringat malam tanpa aktivitas berat.

Pengobatan TBC anak harus tuntas minimal 6 bulan dengan kombinasi obat OAT (Obat Anti Tuberkulosis). Putus obat dapat menyebabkan resistensi dan kambuh. Orang tua harus memastikan anak minum obat secara teratur.

Kontak erat dengan penderita TBC dewasa meningkatkan risiko penularan pada anak. Lingkungan rumah dengan ventilasi dan sinar matahari cukup membantu mencegah penularan. Segera periksa jika ada kontak dengan penderita TBC.",Imunisasi,Draft,208688,,,2026-01-10 21:20:23,2026-01-10 21:20:23
4,Pencegahan Diare pada Anak,"Jika anak diare, berikan oralit untuk mencegah dehidrasi. Teruskan ASI atau makanan lunak. Jangan memberikan obat diare tanpa resep dokter. Segera bawa ke fasilitas kesehatan jika diare disertai darah, muntah terus, atau sangat lemas.

Menjaga sanitasi lingkungan dan kebersihan makanan adalah kunci mencegah diare. Zinc dapat diberikan selama 10 hari berturut-turut untuk memperpendek durasi diare. Pastikan selalu tersedia air bersih di rumah.

Diare adalah buang air besar encer lebih dari 3 kali sehari. Penyebab diare antara lain infeksi virus, bakteri, atau parasit, juga bisa karena alergi makanan. Pencegahan diare: cuci tangan pakai sabun, konsumsi air bersih, dan imunisasi rotavirus.",Imunisasi,Diarsipkan,242447,,,2025-10-27 11:22:16,2025-10-27 11:22:16
5,Pencegahan Diare pada Anak,"Diare adalah buang air besar encer lebih dari 3 kali sehari. Penyebab diare antara lain infeksi virus, bakteri, atau parasit, juga bisa karena alergi makanan. Pencegahan diare: cuci tangan pakai sabun, konsumsi air bersih, dan imunisasi rotavirus.

Jika anak diare, berikan oralit untuk mencegah dehidrasi. Teruskan ASI atau makanan lunak. Jangan memberikan obat diare tanpa resep dokter. Segera bawa ke fasilitas kesehatan jika diare disertai darah, muntah terus, atau sangat lemas.

Menjaga sanitasi lingkungan dan kebersihan makanan adalah kunci mencegah diare. Zinc dapat diberikan selama 10 hari berturut-turut untuk memperpendek durasi diare. Pastikan selalu tersedia air bersih di rumah.",Tumbuh Kembang,Menunggu Verifikasi,226249,,,2025-12-04 15:07:22,2025-12-04 15:07:22
6,Vaksin MR dan Polio,"Kekebalan kelompok hanya tercapai jika cakupan imunisasi tinggi. Mari dukung program imunisasi nasional dengan membawa anak ke posyandu atau puskesmas terdekat. Imunisasi aman, efektif, dan gratis.

Vaksin MR melindungi dari campak (measles) dan rubella yang dapat menyebabkan kecacatan bawaan. Vaksin polio mencegah kelumpuhan akibat virus polio yang menyerang sistem saraf. Vaksin BCG diberikan untuk mencegah tuberkulosis berat pada anak.

Vaksin DPT-HB-Hib melindungi dari difteri, pertusis, tetanus, hepatitis B, dan Hib. Pastikan anak mendapatkan imunisasi lengkap sesuai jadwal untuk kekebalan optimal. Imunisasi merupakan hak anak dan kewajiban orang tua untuk melindungi generasi masa depan.",Kehamilan,Dipublikasikan,212189,223459,2025-08-28,2025-08-25 22:11:25,2025-08-25 22:11:25
7,Pencegahan Diare pada Anak,"Jika anak diare, berikan oralit untuk mencegah dehidrasi. Teruskan ASI atau makanan lunak. Jangan memberikan obat diare tanpa resep dokter. Segera bawa ke fasilitas kesehatan jika diare disertai darah, muntah terus, atau sangat lemas.

Menjaga sanitasi lingkungan dan kebersihan makanan adalah kunci mencegah diare. Zinc dapat diberikan selama 10 hari berturut-turut untuk memperpendek durasi diare. Pastikan selalu tersedia air bersih di rumah.

Diare adalah buang air besar encer lebih dari 3 kali sehari. Penyebab diare antara lain infeksi virus, bakteri, atau parasit, juga bisa karena alergi makanan. Pencegahan diare: cuci tangan pakai sabun, konsumsi air bersih, dan imunisasi rotavirus.",Kehamilan,Dipublikasikan,236763,206135,2026-03-15,2026-03-10 09:32:18,2026-03-10 09:32:18
8,Pemberian ASI Eksklusif,"Jika ibu bekerja, ASI dapat diperah dan disimpan dalam wadah bersih. ASI perah dapat bertahan 6-8 jam pada suhu ruang, 3-5 hari di kulkas, dan 6 bulan di freezer. Berikan ASI dengan sendok atau cangkir, bukan dot, untuk mencegah bingung puting.

Ibu menyusui perlu makan bergizi, istirahat cukup, dan menghindari stres. Dukungan keluarga sangat penting untuk keberhasilan ASI eksklusif. Bayi yang diberi ASI eksklusif memiliki sistem kekebalan lebih baik dan risiko kematian lebih rendah.

ASI eksklusif diberikan selama 6 bulan pertama tanpa cairan atau makanan pendamping. ASI mengandung antibodi, enzim, dan hormon yang melindungi bayi dari infeksi dan alergi. Inisiasi Menyusu Dini (IMD) dilakukan segera setelah bayi lahir untuk meningkatkan produksi ASI.",Penyakit,Dipublikasikan,203308,223459,2026-03-24,2026-05-28 21:37:01,2026-05-28 21:37:01
9,Jadwal Imunisasi Lengkap,"Jadwal imunisasi yang teratur akan melindungi anak dari berbagai penyakit infeksi. Kekebalan kelompok (herd immunity) tercapai jika minimal 95% anak telah diimunisasi. Oleh karena itu, partisipasi aktif orang tua sangat diperlukan. Jangan ragu untuk berkonsultasi dengan bidan atau dokter anak tentang jadwal imunisasi.

Imunisasi adalah upaya pemberian vaksin untuk membentuk kekebalan tubuh terhadap penyakit tertentu. Di Indonesia, program imunisasi dasar lengkap meliputi HB-0, BCG, Polio, DPT-HB-Hib, dan MR. Imunisasi sangat penting untuk mencegah penyakit berbahaya seperti campak, polio, dan tuberkulosis. Pastikan anak Anda mendapatkan imunisasi sesuai jadwal yang telah ditentukan.

Efek samping imunisasi umumnya ringan seperti demam ringan atau bengkak di bekas suntikan. Hal ini normal dan akan hilang dalam 1-2 hari. Berikan ASI lebih sering atau kompres hangat untuk mengurangi rasa tidak nyaman. Segera hubungi tenaga kesehatan jika terjadi reaksi berat.",Imunisasi,Draft,240994,,,2025-06-27 17:02:39,2025-06-27 17:02:39
10,Vaksin MR dan Polio,"Vaksin MR melindungi dari campak (measles) dan rubella yang dapat menyebabkan kecacatan bawaan. Vaksin polio mencegah kelumpuhan akibat virus polio yang menyerang sistem saraf. Vaksin BCG diberikan untuk mencegah tuberkulosis berat pada anak.

Kekebalan kelompok hanya tercapai jika cakupan imunisasi tinggi. Mari dukung program imunisasi nasional dengan membawa anak ke posyandu atau puskesmas terdekat. Imunisasi aman, efektif, dan gratis.

Vaksin DPT-HB-Hib melindungi dari difteri, pertusis, tetanus, hepatitis B, dan Hib. Pastikan anak mendapatkan imunisasi lengkap sesuai jadwal untuk kekebalan optimal. Imunisasi merupakan hak anak dan kewajiban orang tua untuk melindungi generasi masa depan.",Penyakit,Menunggu Verifikasi,215259,,,2025-12-28 14:56:18,2025-12-28 14:56:18
11,Cara Mengatasi Demam pada Anak,"Efek samping imunisasi umumnya ringan seperti demam ringan atau bengkak di bekas suntikan. Hal ini normal dan akan hilang dalam 1-2 hari. Berikan ASI lebih sering atau kompres hangat untuk mengurangi rasa tidak nyaman. Segera hubungi tenaga kesehatan jika terjadi reaksi berat.

Imunisasi adalah upaya pemberian vaksin untuk membentuk kekebalan tubuh terhadap penyakit tertentu. Di Indonesia, program imunisasi dasar lengkap meliputi HB-0, BCG, Polio, DPT-HB-Hib, dan MR. Imunisasi sangat penting untuk mencegah penyakit berbahaya seperti campak, polio, dan tuberkulosis. Pastikan anak Anda mendapatkan imunisasi sesuai jadwal yang telah ditentukan.

Jadwal imunisasi yang teratur akan melindungi anak dari berbagai penyakit infeksi. Kekebalan kelompok (herd immunity) tercapai jika minimal 95% anak telah diimunisasi. Oleh karena itu, partisipasi aktif orang tua sangat diperlukan. Jangan ragu untuk berkonsultasi dengan bidan atau dokter anak tentang jadwal imunisasi.",Tumbuh Kembang,Ditolak,239064,243549,,2025-11-04 16:35:51,2025-11-04 16:35:51
12,Mengenal Tanda Bahaya Kehamilan,"Ibu hamil dianjurkan mengonsumsi 90 tablet tambah darah selama kehamilan untuk mencegah anemia. Konsumsi makanan bergizi seimbang, istirahat cukup, dan lakukan aktivitas fisik ringan seperti jalan kaki. Persalinan sebaiknya ditolong oleh tenaga kesehatan terlatih di fasilitas kesehatan.

Pemeriksaan kehamilan rutin minimal 6 kali selama masa kehamilan. Trimester pertama (1-3 bulan) periksa untuk konfirmasi kehamilan dan deteksi risiko awal. Trimester kedua (4-6 bulan) periksa untuk memantau pertumbuhan janin dan deteksi kelainan. Trimester ketiga (7-9 bulan) periksa untuk persiapan persalinan.

Tanda bahaya kehamilan yang harus diwaspadai: pendarahan melalui jalan lahir, sakit kepala hebat, pandangan kabur, bengkak di wajah dan tangan, demam tinggi, serta gerakan janin berkurang. Segera ke fasilitas kesehatan jika mengalami tanda-tanda tersebut.",Gizi,Ditolak,215177,202365,,2025-08-29 04:39:23,2025-08-29 04:39:23
13,Perkembangan Motorik Anak Usia 0-2 Tahun,"Jadwal imunisasi yang teratur akan melindungi anak dari berbagai penyakit infeksi. Kekebalan kelompok (herd immunity) tercapai jika minimal 95% anak telah diimunisasi. Oleh karena itu, partisipasi aktif orang tua sangat diperlukan. Jangan ragu untuk berkonsultasi dengan bidan atau dokter anak tentang jadwal imunisasi.

Imunisasi adalah upaya pemberian vaksin untuk membentuk kekebalan tubuh terhadap penyakit tertentu. Di Indonesia, program imunisasi dasar lengkap meliputi HB-0, BCG, Polio, DPT-HB-Hib, dan MR. Imunisasi sangat penting untuk mencegah penyakit berbahaya seperti campak, polio, dan tuberkulosis. Pastikan anak Anda mendapatkan imunisasi sesuai jadwal yang telah ditentukan.

Efek samping imunisasi umumnya ringan seperti demam ringan atau bengkak di bekas suntikan. Hal ini normal dan akan hilang dalam 1-2 hari. Berikan ASI lebih sering atau kompres hangat untuk mengurangi rasa tidak nyaman. Segera hubungi tenaga kesehatan jika terjadi reaksi berat.",Penyakit,Dipublikasikan,242098,202365,2026-02-06,2025-11-28 07:27:54,2025-11-28 07:27:54
14,Pentingnya Buku KIA,"Imunisasi adalah upaya pemberian vaksin untuk membentuk kekebalan tubuh terhadap penyakit tertentu. Di Indonesia, program imunisasi dasar lengkap meliputi HB-0, BCG, Polio, DPT-HB-Hib, dan MR. Imunisasi sangat penting untuk mencegah penyakit berbahaya seperti campak, polio, dan tuberkulosis. Pastikan anak Anda mendapatkan imunisasi sesuai jadwal yang telah ditentukan.

Jadwal imunisasi yang teratur akan melindungi anak dari berbagai penyakit infeksi. Kekebalan kelompok (herd immunity) tercapai jika minimal 95% anak telah diimunisasi. Oleh karena itu, partisipasi aktif orang tua sangat diperlukan. Jangan ragu untuk berkonsultasi dengan bidan atau dokter anak tentang jadwal imunisasi.

Efek samping imunisasi umumnya ringan seperti demam ringan atau bengkak di bekas suntikan. Hal ini normal dan akan hilang dalam 1-2 hari. Berikan ASI lebih sering atau kompres hangat untuk mengurangi rasa tidak nyaman. Segera hubungi tenaga kesehatan jika terjadi reaksi berat.",Kehamilan,Diarsipkan,233450,,,2026-05-20 19:34:45,2026-05-20 19:34:45
15,Vaksin MR dan Polio,"Vaksin DPT-HB-Hib melindungi dari difteri, pertusis, tetanus, hepatitis B, dan Hib. Pastikan anak mendapatkan imunisasi lengkap sesuai jadwal untuk kekebalan optimal. Imunisasi merupakan hak anak dan kewajiban orang tua untuk melindungi generasi masa depan.

Vaksin MR melindungi dari campak (measles) dan rubella yang dapat menyebabkan kecacatan bawaan. Vaksin polio mencegah kelumpuhan akibat virus polio yang menyerang sistem saraf. Vaksin BCG diberikan untuk mencegah tuberkulosis berat pada anak.

Kekebalan kelompok hanya tercapai jika cakupan imunisasi tinggi. Mari dukung program imunisasi nasional dengan membawa anak ke posyandu atau puskesmas terdekat. Imunisasi aman, efektif, dan gratis.",Imunisasi,Diarsipkan,209813,,,2026-02-26 06:59:23,2026-02-26 06:59:23
16,Vaksin MR dan Polio,"Vaksin MR melindungi dari campak (measles) dan rubella yang dapat menyebabkan kecacatan bawaan. Vaksin polio mencegah kelumpuhan akibat virus polio yang menyerang sistem saraf. Vaksin BCG diberikan untuk mencegah tuberkulosis berat pada anak.

Kekebalan kelompok hanya tercapai jika cakupan imunisasi tinggi. Mari dukung program imunisasi nasional dengan membawa anak ke posyandu atau puskesmas terdekat. Imunisasi aman, efektif, dan gratis.

Vaksin DPT-HB-Hib melindungi dari difteri, pertusis, tetanus, hepatitis B, dan Hib. Pastikan anak mendapatkan imunisasi lengkap sesuai jadwal untuk kekebalan optimal. Imunisasi merupakan hak anak dan kewajiban orang tua untuk melindungi generasi masa depan.",Tumbuh Kembang,Ditolak,229426,247893,,2025-07-13 04:17:05,2025-07-13 04:17:05
17,Peran Bidan di Masyarakat,"Bidan adalah tenaga kesehatan yang bertugas memberikan pelayanan kebidanan dan kesehatan ibu-anak. Peran bidan meliputi pemeriksaan kehamilan, pertolongan persalinan, perawatan nifas, imunisasi, dan konseling kesehatan reproduksi.

Bidan juga berperan dalam memberikan penyuluhan tentang ASI eksklusif, KB, imunisasi, gizi, dan pencegahan stunting. Kunjungi bidan secara rutin untuk memastikan kehamilan sehat dan tumbuh kembang anak optimal.

Di desa terpencil, bidan sering menjadi satu-satunya fasilitas kesehatan yang mudah dijangkau. Bidan bekerja sama dengan kader posyandu untuk memantau ibu hamil dan balita di wilayahnya. Jangan ragu untuk berkonsultasi dengan bidan tentang kesehatan ibu dan anak.",Kehamilan,Draft,209813,,,2025-06-23 21:37:43,2025-06-23 21:37:43
18,Deteksi Dini TBC pada Anak,"Tuberkulosis (TBC) pada anak dapat dicegah dengan vaksin BCG yang diberikan segera setelah lahir. Gejala TBC anak: batuk lebih dari 3 minggu, berat badan tidak naik, demam berkepanjangan, keringat malam tanpa aktivitas berat.

Pengobatan TBC anak harus tuntas minimal 6 bulan dengan kombinasi obat OAT (Obat Anti Tuberkulosis). Putus obat dapat menyebabkan resistensi dan kambuh. Orang tua harus memastikan anak minum obat secara teratur.

Kontak erat dengan penderita TBC dewasa meningkatkan risiko penularan pada anak. Lingkungan rumah dengan ventilasi dan sinar matahari cukup membantu mencegah penularan. Segera periksa jika ada kontak dengan penderita TBC.",Tumbuh Kembang,Dipublikasikan,247050,223490,2026-02-16,2026-04-22 06:17:13,2026-04-22 06:17:13
19,Persiapan Persalinan Sehat,"Imunisasi adalah upaya pemberian vaksin untuk membentuk kekebalan tubuh terhadap penyakit tertentu. Di Indonesia, program imunisasi dasar lengkap meliputi HB-0, BCG, Polio, DPT-HB-Hib, dan MR. Imunisasi sangat penting untuk mencegah penyakit berbahaya seperti campak, polio, dan tuberkulosis. Pastikan anak Anda mendapatkan imunisasi sesuai jadwal yang telah ditentukan.

Jadwal imunisasi yang teratur akan melindungi anak dari berbagai penyakit infeksi. Kekebalan kelompok (herd immunity) tercapai jika minimal 95% anak telah diimunisasi. Oleh karena itu, partisipasi aktif orang tua sangat diperlukan. Jangan ragu untuk berkonsultasi dengan bidan atau dokter anak tentang jadwal imunisasi.

Efek samping imunisasi umumnya ringan seperti demam ringan atau bengkak di bekas suntikan. Hal ini normal dan akan hilang dalam 1-2 hari. Berikan ASI lebih sering atau kompres hangat untuk mengurangi rasa tidak nyaman. Segera hubungi tenaga kesehatan jika terjadi reaksi berat.",Penyakit,Dipublikasikan,217213,225811,2025-10-22,2025-08-24 20:59:34,2025-08-24 20:59:34
20,Manfaat Imunisasi untuk Anak,"Efek samping imunisasi umumnya ringan seperti demam ringan atau bengkak di bekas suntikan. Hal ini normal dan akan hilang dalam 1-2 hari. Berikan ASI lebih sering atau kompres hangat untuk mengurangi rasa tidak nyaman. Segera hubungi tenaga kesehatan jika terjadi reaksi berat.

Imunisasi adalah upaya pemberian vaksin untuk membentuk kekebalan tubuh terhadap penyakit tertentu. Di Indonesia, program imunisasi dasar lengkap meliputi HB-0, BCG, Polio, DPT-HB-Hib, dan MR. Imunisasi sangat penting untuk mencegah penyakit berbahaya seperti campak, polio, dan tuberkulosis. Pastikan anak Anda mendapatkan imunisasi sesuai jadwal yang telah ditentukan.

Jadwal imunisasi yang teratur akan melindungi anak dari berbagai penyakit infeksi. Kekebalan kelompok (herd immunity) tercapai jika minimal 95% anak telah diimunisasi. Oleh karena itu, partisipasi aktif orang tua sangat diperlukan. Jangan ragu untuk berkonsultasi dengan bidan atau dokter anak tentang jadwal imunisasi.",Imunisasi,Menunggu Verifikasi,235904,,,2025-10-29 13:23:03,2025-10-29 13:23:03
21,Kesehatan Ibu Hamil (Bagian 1),"Efek samping imunisasi umumnya ringan seperti demam ringan atau bengkak di bekas suntikan. Hal ini normal dan akan hilang dalam 1-2 hari. Berikan ASI lebih sering atau kompres hangat untuk mengurangi rasa tidak nyaman. Segera hubungi tenaga kesehatan jika terjadi reaksi berat.

Imunisasi adalah upaya pemberian vaksin untuk membentuk kekebalan tubuh terhadap penyakit tertentu. Di Indonesia, program imunisasi dasar lengkap meliputi HB-0, BCG, Polio, DPT-HB-Hib, dan MR. Imunisasi sangat penting untuk mencegah penyakit berbahaya seperti campak, polio, dan tuberkulosis. Pastikan anak Anda mendapatkan imunisasi sesuai jadwal yang telah ditentukan.

Jadwal imunisasi yang teratur akan melindungi anak dari berbagai penyakit infeksi. Kekebalan kelompok (herd immunity) tercapai jika minimal 95% anak telah diimunisasi. Oleh karena itu, partisipasi aktif orang tua sangat diperlukan. Jangan ragu untuk berkonsultasi dengan bidan atau dokter anak tentang jadwal imunisasi.",Gizi,Draft,247707,,,2025-12-16 03:06:15,2025-12-16 03:06:15
22,Pentingnya Buku KIA (Bagian 1),"Efek samping imunisasi umumnya ringan seperti demam ringan atau bengkak di bekas suntikan. Hal ini normal dan akan hilang dalam 1-2 hari. Berikan ASI lebih sering atau kompres hangat untuk mengurangi rasa tidak nyaman. Segera hubungi tenaga kesehatan jika terjadi reaksi berat.

Imunisasi adalah upaya pemberian vaksin untuk membentuk kekebalan tubuh terhadap penyakit tertentu. Di Indonesia, program imunisasi dasar lengkap meliputi HB-0, BCG, Polio, DPT-HB-Hib, dan MR. Imunisasi sangat penting untuk mencegah penyakit berbahaya seperti campak, polio, dan tuberkulosis. Pastikan anak Anda mendapatkan imunisasi sesuai jadwal yang telah ditentukan.

Jadwal imunisasi yang teratur akan melindungi anak dari berbagai penyakit infeksi. Kekebalan kelompok (herd immunity) tercapai jika minimal 95% anak telah diimunisasi. Oleh karena itu, partisipasi aktif orang tua sangat diperlukan. Jangan ragu untuk berkonsultasi dengan bidan atau dokter anak tentang jadwal imunisasi.",Gizi,Diarsipkan,215259,,,2025-08-04 18:22:26,2025-08-04 18:22:26
23,Kesehatan Ibu Hamil (Bagian 1),"Jadwal imunisasi yang teratur akan melindungi anak dari berbagai penyakit infeksi. Kekebalan kelompok (herd immunity) tercapai jika minimal 95% anak telah diimunisasi. Oleh karena itu, partisipasi aktif orang tua sangat diperlukan. Jangan ragu untuk berkonsultasi dengan bidan atau dokter anak tentang jadwal imunisasi.

Efek samping imunisasi umumnya ringan seperti demam ringan atau bengkak di bekas suntikan. Hal ini normal dan akan hilang dalam 1-2 hari. Berikan ASI lebih sering atau kompres hangat untuk mengurangi rasa tidak nyaman. Segera hubungi tenaga kesehatan jika terjadi reaksi berat.

Imunisasi adalah upaya pemberian vaksin untuk membentuk kekebalan tubuh terhadap penyakit tertentu. Di Indonesia, program imunisasi dasar lengkap meliputi HB-0, BCG, Polio, DPT-HB-Hib, dan MR. Imunisasi sangat penting untuk mencegah penyakit berbahaya seperti campak, polio, dan tuberkulosis. Pastikan anak Anda mendapatkan imunisasi sesuai jadwal yang telah ditentukan.",Kehamilan,Diarsipkan,206329,,,2026-03-12 20:36:17,2026-03-12 20:36:17
24,Pemberian ASI Eksklusif (Bagian 1),"Jika ibu bekerja, ASI dapat diperah dan disimpan dalam wadah bersih. ASI perah dapat bertahan 6-8 jam pada suhu ruang, 3-5 hari di kulkas, dan 6 bulan di freezer. Berikan ASI dengan sendok atau cangkir, bukan dot, untuk mencegah bingung puting.

Ibu menyusui perlu makan bergizi, istirahat cukup, dan menghindari stres. Dukungan keluarga sangat penting untuk keberhasilan ASI eksklusif. Bayi yang diberi ASI eksklusif memiliki sistem kekebalan lebih baik dan risiko kematian lebih rendah.

ASI eksklusif diberikan selama 6 bulan pertama tanpa cairan atau makanan pendamping. ASI mengandung antibodi, enzim, dan hormon yang melindungi bayi dari infeksi dan alergi. Inisiasi Menyusu Dini (IMD) dilakukan segera setelah bayi lahir untuk meningkatkan produksi ASI.",Tumbuh Kembang,Draft,202876,,,2025-12-30 19:03:45,2025-12-30 19:03:45
25,Cara Mengatasi Demam pada Anak (Bagian 1),"Efek samping imunisasi umumnya ringan seperti demam ringan atau bengkak di bekas suntikan. Hal ini normal dan akan hilang dalam 1-2 hari. Berikan ASI lebih sering atau kompres hangat untuk mengurangi rasa tidak nyaman. Segera hubungi tenaga kesehatan jika terjadi reaksi berat.

Jadwal imunisasi yang teratur akan melindungi anak dari berbagai penyakit infeksi. Kekebalan kelompok (herd immunity) tercapai jika minimal 95% anak telah diimunisasi. Oleh karena itu, partisipasi aktif orang tua sangat diperlukan. Jangan ragu untuk berkonsultasi dengan bidan atau dokter anak tentang jadwal imunisasi.

Imunisasi adalah upaya pemberian vaksin untuk membentuk kekebalan tubuh terhadap penyakit tertentu. Di Indonesia, program imunisasi dasar lengkap meliputi HB-0, BCG, Polio, DPT-HB-Hib, dan MR. Imunisasi sangat penting untuk mencegah penyakit berbahaya seperti campak, polio, dan tuberkulosis. Pastikan anak Anda mendapatkan imunisasi sesuai jadwal yang telah ditentukan.",Gizi,Draft,224107,,,2025-09-16 14:42:40,2025-09-16 14:42:40
26,Kesehatan Ibu Hamil (Bagian 1),"Imunisasi adalah upaya pemberian vaksin untuk membentuk kekebalan tubuh terhadap penyakit tertentu. Di Indonesia, program imunisasi dasar lengkap meliputi HB-0, BCG, Polio, DPT-HB-Hib, dan MR. Imunisasi sangat penting untuk mencegah penyakit berbahaya seperti campak, polio, dan tuberkulosis. Pastikan anak Anda mendapatkan imunisasi sesuai jadwal yang telah ditentukan.

Jadwal imunisasi yang teratur akan melindungi anak dari berbagai penyakit infeksi. Kekebalan kelompok (herd immunity) tercapai jika minimal 95% anak telah diimunisasi. Oleh karena itu, partisipasi aktif orang tua sangat diperlukan. Jangan ragu untuk berkonsultasi dengan bidan atau dokter anak tentang jadwal imunisasi.

Efek samping imunisasi umumnya ringan seperti demam ringan atau bengkak di bekas suntikan. Hal ini normal dan akan hilang dalam 1-2 hari. Berikan ASI lebih sering atau kompres hangat untuk mengurangi rasa tidak nyaman. Segera hubungi tenaga kesehatan jika terjadi reaksi berat.",Kehamilan,Dipublikasikan,210653,247893,2026-02-11,2026-03-12 05:02:16,2026-03-12 05:02:16
27,Pencegahan Stunting Sejak Dini (Bagian 1),"Pemantauan pertumbuhan di posyandu setiap bulan sangat penting untuk deteksi dini stunting. Ibu hamil perlu mengonsumsi tablet tambah darah dan makanan berprotein tinggi seperti telur, ikan, dan daging. Sanitasi yang buruk juga berkontribusi terhadap stunting, jadi jaga kebersihan lingkungan.

Stunting adalah kondisi gagal tumbuh pada anak akibat kekurangan gizi kronis dalam 1000 hari pertama kehidupan. Anak stunting memiliki tinggi badan di bawah standar usianya. Pencegahan stunting dimulai sejak masa kehamilan dengan asupan gizi yang cukup, pemberian ASI eksklusif 6 bulan, MPASI bergizi, dan imunisasi lengkap.

Stunting dapat dicegah dengan intervensi gizi spesifik dan sensitif. Intervensi spesifik meliputi suplementasi zat besi pada ibu hamil dan imunisasi. Intervensi sensitif meliputi penyediaan air bersih, sanitasi, dan jaminan sosial. Mari bersama-sama wujudkan generasi bebas stunting.",Kehamilan,Draft,236712,,,2025-10-25 20:51:30,2025-10-25 20:51:30
28,Pentingnya Buku KIA (Bagian 1),"Efek samping imunisasi umumnya ringan seperti demam ringan atau bengkak di bekas suntikan. Hal ini normal dan akan hilang dalam 1-2 hari. Berikan ASI lebih sering atau kompres hangat untuk mengurangi rasa tidak nyaman. Segera hubungi tenaga kesehatan jika terjadi reaksi berat.

Imunisasi adalah upaya pemberian vaksin untuk membentuk kekebalan tubuh terhadap penyakit tertentu. Di Indonesia, program imunisasi dasar lengkap meliputi HB-0, BCG, Polio, DPT-HB-Hib, dan MR. Imunisasi sangat penting untuk mencegah penyakit berbahaya seperti campak, polio, dan tuberkulosis. Pastikan anak Anda mendapatkan imunisasi sesuai jadwal yang telah ditentukan.

Jadwal imunisasi yang teratur akan melindungi anak dari berbagai penyakit infeksi. Kekebalan kelompok (herd immunity) tercapai jika minimal 95% anak telah diimunisasi. Oleh karena itu, partisipasi aktif orang tua sangat diperlukan. Jangan ragu untuk berkonsultasi dengan bidan atau dokter anak tentang jadwal imunisasi.",Imunisasi,Menunggu Verifikasi,221095,,,2025-12-01 13:46:23,2025-12-01 13:46:23
29,Pentingnya Buku KIA (Bagian 1),"Jadwal imunisasi yang teratur akan melindungi anak dari berbagai penyakit infeksi. Kekebalan kelompok (herd immunity) tercapai jika minimal 95% anak telah diimunisasi. Oleh karena itu, partisipasi aktif orang tua sangat diperlukan. Jangan ragu untuk berkonsultasi dengan bidan atau dokter anak tentang jadwal imunisasi.

Imunisasi adalah upaya pemberian vaksin untuk membentuk kekebalan tubuh terhadap penyakit tertentu. Di Indonesia, program imunisasi dasar lengkap meliputi HB-0, BCG, Polio, DPT-HB-Hib, dan MR. Imunisasi sangat penting untuk mencegah penyakit berbahaya seperti campak, polio, dan tuberkulosis. Pastikan anak Anda mendapatkan imunisasi sesuai jadwal yang telah ditentukan.

Efek samping imunisasi umumnya ringan seperti demam ringan atau bengkak di bekas suntikan. Hal ini normal dan akan hilang dalam 1-2 hari. Berikan ASI lebih sering atau kompres hangat untuk mengurangi rasa tidak nyaman. Segera hubungi tenaga kesehatan jika terjadi reaksi berat.",Imunisasi,Ditolak,231487,229645,,2026-03-19 17:20:46,2026-03-19 17:20:46
30,Deteksi Dini TBC pada Anak (Bagian 1),"Pengobatan TBC anak harus tuntas minimal 6 bulan dengan kombinasi obat OAT (Obat Anti Tuberkulosis). Putus obat dapat menyebabkan resistensi dan kambuh. Orang tua harus memastikan anak minum obat secara teratur.

Kontak erat dengan penderita TBC dewasa meningkatkan risiko penularan pada anak. Lingkungan rumah dengan ventilasi dan sinar matahari cukup membantu mencegah penularan. Segera periksa jika ada kontak dengan penderita TBC.

Tuberkulosis (TBC) pada anak dapat dicegah dengan vaksin BCG yang diberikan segera setelah lahir. Gejala TBC anak: batuk lebih dari 3 minggu, berat badan tidak naik, demam berkepanjangan, keringat malam tanpa aktivitas berat.",Tumbuh Kembang,Menunggu Verifikasi,246394,,,2025-10-03 13:21:03,2025-10-03 13:21:03
31,Manfaat Posyandu untuk Balita (Bagian 1),"Imunisasi adalah upaya pemberian vaksin untuk membentuk kekebalan tubuh terhadap penyakit tertentu. Di Indonesia, program imunisasi dasar lengkap meliputi HB-0, BCG, Polio, DPT-HB-Hib, dan MR. Imunisasi sangat penting untuk mencegah penyakit berbahaya seperti campak, polio, dan tuberkulosis. Pastikan anak Anda mendapatkan imunisasi sesuai jadwal yang telah ditentukan.

Efek samping imunisasi umumnya ringan seperti demam ringan atau bengkak di bekas suntikan. Hal ini normal dan akan hilang dalam 1-2 hari. Berikan ASI lebih sering atau kompres hangat untuk mengurangi rasa tidak nyaman. Segera hubungi tenaga kesehatan jika terjadi reaksi berat.

Jadwal imunisasi yang teratur akan melindungi anak dari berbagai penyakit infeksi. Kekebalan kelompok (herd immunity) tercapai jika minimal 95% anak telah diimunisasi. Oleh karena itu, partisipasi aktif orang tua sangat diperlukan. Jangan ragu untuk berkonsultasi dengan bidan atau dokter anak tentang jadwal imunisasi.",Penyakit,Ditolak,212221,247893,,2025-10-18 15:23:17,2025-10-18 15:23:17
32,Pencegahan Stunting Sejak Dini (Bagian 1),"Stunting adalah kondisi gagal tumbuh pada anak akibat kekurangan gizi kronis dalam 1000 hari pertama kehidupan. Anak stunting memiliki tinggi badan di bawah standar usianya. Pencegahan stunting dimulai sejak masa kehamilan dengan asupan gizi yang cukup, pemberian ASI eksklusif 6 bulan, MPASI bergizi, dan imunisasi lengkap.

Pemantauan pertumbuhan di posyandu setiap bulan sangat penting untuk deteksi dini stunting. Ibu hamil perlu mengonsumsi tablet tambah darah dan makanan berprotein tinggi seperti telur, ikan, dan daging. Sanitasi yang buruk juga berkontribusi terhadap stunting, jadi jaga kebersihan lingkungan.

Stunting dapat dicegah dengan intervensi gizi spesifik dan sensitif. Intervensi spesifik meliputi suplementasi zat besi pada ibu hamil dan imunisasi. Intervensi sensitif meliputi penyediaan air bersih, sanitasi, dan jaminan sosial. Mari bersama-sama wujudkan generasi bebas stunting.",Kehamilan,Dipublikasikan,225699,247893,2026-03-12,2026-05-21 10:22:34,2026-05-21 10:22:34
33,Manfaat Imunisasi untuk Anak (Bagian 1),"Imunisasi adalah upaya pemberian vaksin untuk membentuk kekebalan tubuh terhadap penyakit tertentu. Di Indonesia, program imunisasi dasar lengkap meliputi HB-0, BCG, Polio, DPT-HB-Hib, dan MR. Imunisasi sangat penting untuk mencegah penyakit berbahaya seperti campak, polio, dan tuberkulosis. Pastikan anak Anda mendapatkan imunisasi sesuai jadwal yang telah ditentukan.

Efek samping imunisasi umumnya ringan seperti demam ringan atau bengkak di bekas suntikan. Hal ini normal dan akan hilang dalam 1-2 hari. Berikan ASI lebih sering atau kompres hangat untuk mengurangi rasa tidak nyaman. Segera hubungi tenaga kesehatan jika terjadi reaksi berat.

Jadwal imunisasi yang teratur akan melindungi anak dari berbagai penyakit infeksi. Kekebalan kelompok (herd immunity) tercapai jika minimal 95% anak telah diimunisasi. Oleh karena itu, partisipasi aktif orang tua sangat diperlukan. Jangan ragu untuk berkonsultasi dengan bidan atau dokter anak tentang jadwal imunisasi.",Tumbuh Kembang,Draft,235510,,,2026-05-07 18:25:18,2026-05-07 18:25:18
34,Vaksin MR dan Polio (Bagian 1),"Kekebalan kelompok hanya tercapai jika cakupan imunisasi tinggi. Mari dukung program imunisasi nasional dengan membawa anak ke posyandu atau puskesmas terdekat. Imunisasi aman, efektif, dan gratis.

Vaksin MR melindungi dari campak (measles) dan rubella yang dapat menyebabkan kecacatan bawaan. Vaksin polio mencegah kelumpuhan akibat virus polio yang menyerang sistem saraf. Vaksin BCG diberikan untuk mencegah tuberkulosis berat pada anak.

Vaksin DPT-HB-Hib melindungi dari difteri, pertusis, tetanus, hepatitis B, dan Hib. Pastikan anak mendapatkan imunisasi lengkap sesuai jadwal untuk kekebalan optimal. Imunisasi merupakan hak anak dan kewajiban orang tua untuk melindungi generasi masa depan.",Kehamilan,Draft,232501,,,2026-01-06 17:09:11,2026-01-06 17:09:11
35,Peran Bidan di Masyarakat (Bagian 1),"Bidan juga berperan dalam memberikan penyuluhan tentang ASI eksklusif, KB, imunisasi, gizi, dan pencegahan stunting. Kunjungi bidan secara rutin untuk memastikan kehamilan sehat dan tumbuh kembang anak optimal.

Di desa terpencil, bidan sering menjadi satu-satunya fasilitas kesehatan yang mudah dijangkau. Bidan bekerja sama dengan kader posyandu untuk memantau ibu hamil dan balita di wilayahnya. Jangan ragu untuk berkonsultasi dengan bidan tentang kesehatan ibu dan anak.

Bidan adalah tenaga kesehatan yang bertugas memberikan pelayanan kebidanan dan kesehatan ibu-anak. Peran bidan meliputi pemeriksaan kehamilan, pertolongan persalinan, perawatan nifas, imunisasi, dan konseling kesehatan reproduksi.",Kehamilan,Draft,230945,,,2025-12-30 08:56:03,2025-12-30 08:56:03
36,Perkembangan Motorik Anak Usia 0-2 Tahun (Bagian 1),"Imunisasi adalah upaya pemberian vaksin untuk membentuk kekebalan tubuh terhadap penyakit tertentu. Di Indonesia, program imunisasi dasar lengkap meliputi HB-0, BCG, Polio, DPT-HB-Hib, dan MR. Imunisasi sangat penting untuk mencegah penyakit berbahaya seperti campak, polio, dan tuberkulosis. Pastikan anak Anda mendapatkan imunisasi sesuai jadwal yang telah ditentukan.

Efek samping imunisasi umumnya ringan seperti demam ringan atau bengkak di bekas suntikan. Hal ini normal dan akan hilang dalam 1-2 hari. Berikan ASI lebih sering atau kompres hangat untuk mengurangi rasa tidak nyaman. Segera hubungi tenaga kesehatan jika terjadi reaksi berat.

Jadwal imunisasi yang teratur akan melindungi anak dari berbagai penyakit infeksi. Kekebalan kelompok (herd immunity) tercapai jika minimal 95% anak telah diimunisasi. Oleh karena itu, partisipasi aktif orang tua sangat diperlukan. Jangan ragu untuk berkonsultasi dengan bidan atau dokter anak tentang jadwal imunisasi.",Imunisasi,Diarsipkan,235843,,,2025-11-29 05:41:58,2025-11-29 05:41:58
37,Pemberian ASI Eksklusif (Bagian 1),"Jika ibu bekerja, ASI dapat diperah dan disimpan dalam wadah bersih. ASI perah dapat bertahan 6-8 jam pada suhu ruang, 3-5 hari di kulkas, dan 6 bulan di freezer. Berikan ASI dengan sendok atau cangkir, bukan dot, untuk mencegah bingung puting.

Ibu menyusui perlu makan bergizi, istirahat cukup, dan menghindari stres. Dukungan keluarga sangat penting untuk keberhasilan ASI eksklusif. Bayi yang diberi ASI eksklusif memiliki sistem kekebalan lebih baik dan risiko kematian lebih rendah.

ASI eksklusif diberikan selama 6 bulan pertama tanpa cairan atau makanan pendamping. ASI mengandung antibodi, enzim, dan hormon yang melindungi bayi dari infeksi dan alergi. Inisiasi Menyusu Dini (IMD) dilakukan segera setelah bayi lahir untuk meningkatkan produksi ASI.",Kehamilan,Ditolak,227625,216351,,2026-03-23 17:38:26,2026-03-23 17:38:26
38,Bahaya Campak dan Rubella (Bagian 1),"Efek samping imunisasi umumnya ringan seperti demam ringan atau bengkak di bekas suntikan. Hal ini normal dan akan hilang dalam 1-2 hari. Berikan ASI lebih sering atau kompres hangat untuk mengurangi rasa tidak nyaman. Segera hubungi tenaga kesehatan jika terjadi reaksi berat.

Imunisasi adalah upaya pemberian vaksin untuk membentuk kekebalan tubuh terhadap penyakit tertentu. Di Indonesia, program imunisasi dasar lengkap meliputi HB-0, BCG, Polio, DPT-HB-Hib, dan MR. Imunisasi sangat penting untuk mencegah penyakit berbahaya seperti campak, polio, dan tuberkulosis. Pastikan anak Anda mendapatkan imunisasi sesuai jadwal yang telah ditentukan.

Jadwal imunisasi yang teratur akan melindungi anak dari berbagai penyakit infeksi. Kekebalan kelompok (herd immunity) tercapai jika minimal 95% anak telah diimunisasi. Oleh karena itu, partisipasi aktif orang tua sangat diperlukan. Jangan ragu untuk berkonsultasi dengan bidan atau dokter anak tentang jadwal imunisasi.",Kehamilan,Draft,239694,,,2025-07-06 13:13:15,2025-07-06 13:13:15
39,Vaksin MR dan Polio (Bagian 1),"Vaksin MR melindungi dari campak (measles) dan rubella yang dapat menyebabkan kecacatan bawaan. Vaksin polio mencegah kelumpuhan akibat virus polio yang menyerang sistem saraf. Vaksin BCG diberikan untuk mencegah tuberkulosis berat pada anak.

Vaksin DPT-HB-Hib melindungi dari difteri, pertusis, tetanus, hepatitis B, dan Hib. Pastikan anak mendapatkan imunisasi lengkap sesuai jadwal untuk kekebalan optimal. Imunisasi merupakan hak anak dan kewajiban orang tua untuk melindungi generasi masa depan.

Kekebalan kelompok hanya tercapai jika cakupan imunisasi tinggi. Mari dukung program imunisasi nasional dengan membawa anak ke posyandu atau puskesmas terdekat. Imunisasi aman, efektif, dan gratis.",Gizi,Diarsipkan,211874,,,2025-11-30 00:23:59,2025-11-30 00:23:59
40,Manfaat Posyandu untuk Balita (Bagian 2),"Jadwal imunisasi yang teratur akan melindungi anak dari berbagai penyakit infeksi. Kekebalan kelompok (herd immunity) tercapai jika minimal 95% anak telah diimunisasi. Oleh karena itu, partisipasi aktif orang tua sangat diperlukan. Jangan ragu untuk berkonsultasi dengan bidan atau dokter anak tentang jadwal imunisasi.

Efek samping imunisasi umumnya ringan seperti demam ringan atau bengkak di bekas suntikan. Hal ini normal dan akan hilang dalam 1-2 hari. Berikan ASI lebih sering atau kompres hangat untuk mengurangi rasa tidak nyaman. Segera hubungi tenaga kesehatan jika terjadi reaksi berat.

Imunisasi adalah upaya pemberian vaksin untuk membentuk kekebalan tubuh terhadap penyakit tertentu. Di Indonesia, program imunisasi dasar lengkap meliputi HB-0, BCG, Polio, DPT-HB-Hib, dan MR. Imunisasi sangat penting untuk mencegah penyakit berbahaya seperti campak, polio, dan tuberkulosis. Pastikan anak Anda mendapatkan imunisasi sesuai jadwal yang telah ditentukan.",Gizi,Diarsipkan,248094,,,2025-09-12 21:22:39,2025-09-12 21:22:39
41,Pencegahan Diare pada Anak (Bagian 2),"Jika anak diare, berikan oralit untuk mencegah dehidrasi. Teruskan ASI atau makanan lunak. Jangan memberikan obat diare tanpa resep dokter. Segera bawa ke fasilitas kesehatan jika diare disertai darah, muntah terus, atau sangat lemas.

Diare adalah buang air besar encer lebih dari 3 kali sehari. Penyebab diare antara lain infeksi virus, bakteri, atau parasit, juga bisa karena alergi makanan. Pencegahan diare: cuci tangan pakai sabun, konsumsi air bersih, dan imunisasi rotavirus.

Menjaga sanitasi lingkungan dan kebersihan makanan adalah kunci mencegah diare. Zinc dapat diberikan selama 10 hari berturut-turut untuk memperpendek durasi diare. Pastikan selalu tersedia air bersih di rumah.",Gizi,Dipublikasikan,207195,243549,2025-09-01,2026-03-15 04:31:40,2026-03-15 04:31:40
42,Deteksi Dini TBC pada Anak (Bagian 2),"Kontak erat dengan penderita TBC dewasa meningkatkan risiko penularan pada anak. Lingkungan rumah dengan ventilasi dan sinar matahari cukup membantu mencegah penularan. Segera periksa jika ada kontak dengan penderita TBC.

Pengobatan TBC anak harus tuntas minimal 6 bulan dengan kombinasi obat OAT (Obat Anti Tuberkulosis). Putus obat dapat menyebabkan resistensi dan kambuh. Orang tua harus memastikan anak minum obat secara teratur.

Tuberkulosis (TBC) pada anak dapat dicegah dengan vaksin BCG yang diberikan segera setelah lahir. Gejala TBC anak: batuk lebih dari 3 minggu, berat badan tidak naik, demam berkepanjangan, keringat malam tanpa aktivitas berat.",Kehamilan,Dipublikasikan,220144,202365,2025-07-10,2025-08-06 18:47:22,2025-08-06 18:47:22
43,Pentingnya Imunisasi Booster (Bagian 2),"Imunisasi adalah upaya pemberian vaksin untuk membentuk kekebalan tubuh terhadap penyakit tertentu. Di Indonesia, program imunisasi dasar lengkap meliputi HB-0, BCG, Polio, DPT-HB-Hib, dan MR. Imunisasi sangat penting untuk mencegah penyakit berbahaya seperti campak, polio, dan tuberkulosis. Pastikan anak Anda mendapatkan imunisasi sesuai jadwal yang telah ditentukan.

Jadwal imunisasi yang teratur akan melindungi anak dari berbagai penyakit infeksi. Kekebalan kelompok (herd immunity) tercapai jika minimal 95% anak telah diimunisasi. Oleh karena itu, partisipasi aktif orang tua sangat diperlukan. Jangan ragu untuk berkonsultasi dengan bidan atau dokter anak tentang jadwal imunisasi.

Efek samping imunisasi umumnya ringan seperti demam ringan atau bengkak di bekas suntikan. Hal ini normal dan akan hilang dalam 1-2 hari. Berikan ASI lebih sering atau kompres hangat untuk mengurangi rasa tidak nyaman. Segera hubungi tenaga kesehatan jika terjadi reaksi berat.",Kehamilan,Menunggu Verifikasi,203349,,,2025-09-15 09:14:52,2025-09-15 09:14:52
44,Bahaya Campak dan Rubella (Bagian 2),"Imunisasi adalah upaya pemberian vaksin untuk membentuk kekebalan tubuh terhadap penyakit tertentu. Di Indonesia, program imunisasi dasar lengkap meliputi HB-0, BCG, Polio, DPT-HB-Hib, dan MR. Imunisasi sangat penting untuk mencegah penyakit berbahaya seperti campak, polio, dan tuberkulosis. Pastikan anak Anda mendapatkan imunisasi sesuai jadwal yang telah ditentukan.

Efek samping imunisasi umumnya ringan seperti demam ringan atau bengkak di bekas suntikan. Hal ini normal dan akan hilang dalam 1-2 hari. Berikan ASI lebih sering atau kompres hangat untuk mengurangi rasa tidak nyaman. Segera hubungi tenaga kesehatan jika terjadi reaksi berat.

Jadwal imunisasi yang teratur akan melindungi anak dari berbagai penyakit infeksi. Kekebalan kelompok (herd immunity) tercapai jika minimal 95% anak telah diimunisasi. Oleh karena itu, partisipasi aktif orang tua sangat diperlukan. Jangan ragu untuk berkonsultasi dengan bidan atau dokter anak tentang jadwal imunisasi.",Imunisasi,Dipublikasikan,223505,216351,2026-01-30,2026-02-20 14:09:47,2026-02-20 14:09:47
45,Pemberian ASI Eksklusif (Bagian 2),"Ibu menyusui perlu makan bergizi, istirahat cukup, dan menghindari stres. Dukungan keluarga sangat penting untuk keberhasilan ASI eksklusif. Bayi yang diberi ASI eksklusif memiliki sistem kekebalan lebih baik dan risiko kematian lebih rendah.

Jika ibu bekerja, ASI dapat diperah dan disimpan dalam wadah bersih. ASI perah dapat bertahan 6-8 jam pada suhu ruang, 3-5 hari di kulkas, dan 6 bulan di freezer. Berikan ASI dengan sendok atau cangkir, bukan dot, untuk mencegah bingung puting.

ASI eksklusif diberikan selama 6 bulan pertama tanpa cairan atau makanan pendamping. ASI mengandung antibodi, enzim, dan hormon yang melindungi bayi dari infeksi dan alergi. Inisiasi Menyusu Dini (IMD) dilakukan segera setelah bayi lahir untuk meningkatkan produksi ASI.",Penyakit,Menunggu Verifikasi,237623,,,2025-12-21 09:57:21,2025-12-21 09:57:21
46,Pencegahan Stunting Sejak Dini (Bagian 2),"Stunting adalah kondisi gagal tumbuh pada anak akibat kekurangan gizi kronis dalam 1000 hari pertama kehidupan. Anak stunting memiliki tinggi badan di bawah standar usianya. Pencegahan stunting dimulai sejak masa kehamilan dengan asupan gizi yang cukup, pemberian ASI eksklusif 6 bulan, MPASI bergizi, dan imunisasi lengkap.

Stunting dapat dicegah dengan intervensi gizi spesifik dan sensitif. Intervensi spesifik meliputi suplementasi zat besi pada ibu hamil dan imunisasi. Intervensi sensitif meliputi penyediaan air bersih, sanitasi, dan jaminan sosial. Mari bersama-sama wujudkan generasi bebas stunting.

Pemantauan pertumbuhan di posyandu setiap bulan sangat penting untuk deteksi dini stunting. Ibu hamil perlu mengonsumsi tablet tambah darah dan makanan berprotein tinggi seperti telur, ikan, dan daging. Sanitasi yang buruk juga berkontribusi terhadap stunting, jadi jaga kebersihan lingkungan.",Penyakit,Menunggu Verifikasi,239722,,,2025-11-21 12:19:58,2025-11-21 12:19:58
47,Deteksi Dini TBC pada Anak (Bagian 2),"Pengobatan TBC anak harus tuntas minimal 6 bulan dengan kombinasi obat OAT (Obat Anti Tuberkulosis). Putus obat dapat menyebabkan resistensi dan kambuh. Orang tua harus memastikan anak minum obat secara teratur.

Tuberkulosis (TBC) pada anak dapat dicegah dengan vaksin BCG yang diberikan segera setelah lahir. Gejala TBC anak: batuk lebih dari 3 minggu, berat badan tidak naik, demam berkepanjangan, keringat malam tanpa aktivitas berat.

Kontak erat dengan penderita TBC dewasa meningkatkan risiko penularan pada anak. Lingkungan rumah dengan ventilasi dan sinar matahari cukup membantu mencegah penularan. Segera periksa jika ada kontak dengan penderita TBC.",Imunisasi,Diarsipkan,219554,,,2026-05-12 04:01:49,2026-05-12 04:01:49
48,Pemberian ASI Eksklusif (Bagian 2),"ASI eksklusif diberikan selama 6 bulan pertama tanpa cairan atau makanan pendamping. ASI mengandung antibodi, enzim, dan hormon yang melindungi bayi dari infeksi dan alergi. Inisiasi Menyusu Dini (IMD) dilakukan segera setelah bayi lahir untuk meningkatkan produksi ASI.

Jika ibu bekerja, ASI dapat diperah dan disimpan dalam wadah bersih. ASI perah dapat bertahan 6-8 jam pada suhu ruang, 3-5 hari di kulkas, dan 6 bulan di freezer. Berikan ASI dengan sendok atau cangkir, bukan dot, untuk mencegah bingung puting.

Ibu menyusui perlu makan bergizi, istirahat cukup, dan menghindari stres. Dukungan keluarga sangat penting untuk keberhasilan ASI eksklusif. Bayi yang diberi ASI eksklusif memiliki sistem kekebalan lebih baik dan risiko kematian lebih rendah.",Penyakit,Ditolak,235843,223459,,2026-02-02 00:21:50,2026-02-02 00:21:50
49,Deteksi Dini TBC pada Anak (Bagian 2),"Tuberkulosis (TBC) pada anak dapat dicegah dengan vaksin BCG yang diberikan segera setelah lahir. Gejala TBC anak: batuk lebih dari 3 minggu, berat badan tidak naik, demam berkepanjangan, keringat malam tanpa aktivitas berat.

Pengobatan TBC anak harus tuntas minimal 6 bulan dengan kombinasi obat OAT (Obat Anti Tuberkulosis). Putus obat dapat menyebabkan resistensi dan kambuh. Orang tua harus memastikan anak minum obat secara teratur.

Kontak erat dengan penderita TBC dewasa meningkatkan risiko penularan pada anak. Lingkungan rumah dengan ventilasi dan sinar matahari cukup membantu mencegah penularan. Segera periksa jika ada kontak dengan penderita TBC.",Imunisasi,Dipublikasikan,242189,234949,2026-04-03,2025-09-12 22:00:23,2025-09-12 22:00:23
50,Jadwal Imunisasi Lengkap (Bagian 2),"Jadwal imunisasi yang teratur akan melindungi anak dari berbagai penyakit infeksi. Kekebalan kelompok (herd immunity) tercapai jika minimal 95% anak telah diimunisasi. Oleh karena itu, partisipasi aktif orang tua sangat diperlukan. Jangan ragu untuk berkonsultasi dengan bidan atau dokter anak tentang jadwal imunisasi.

Efek samping imunisasi umumnya ringan seperti demam ringan atau bengkak di bekas suntikan. Hal ini normal dan akan hilang dalam 1-2 hari. Berikan ASI lebih sering atau kompres hangat untuk mengurangi rasa tidak nyaman. Segera hubungi tenaga kesehatan jika terjadi reaksi berat.

Imunisasi adalah upaya pemberian vaksin untuk membentuk kekebalan tubuh terhadap penyakit tertentu. Di Indonesia, program imunisasi dasar lengkap meliputi HB-0, BCG, Polio, DPT-HB-Hib, dan MR. Imunisasi sangat penting untuk mencegah penyakit berbahaya seperti campak, polio, dan tuberkulosis. Pastikan anak Anda mendapatkan imunisasi sesuai jadwal yang telah ditentukan.",Gizi,Menunggu Verifikasi,239064,,,2025-09-02 06:41:14,2025-09-02 06:41:14
51,Jadwal Imunisasi Lengkap (Bagian 2),"Imunisasi adalah upaya pemberian vaksin untuk membentuk kekebalan tubuh terhadap penyakit tertentu. Di Indonesia, program imunisasi dasar lengkap meliputi HB-0, BCG, Polio, DPT-HB-Hib, dan MR. Imunisasi sangat penting untuk mencegah penyakit berbahaya seperti campak, polio, dan tuberkulosis. Pastikan anak Anda mendapatkan imunisasi sesuai jadwal yang telah ditentukan.

Jadwal imunisasi yang teratur akan melindungi anak dari berbagai penyakit infeksi. Kekebalan kelompok (herd immunity) tercapai jika minimal 95% anak telah diimunisasi. Oleh karena itu, partisipasi aktif orang tua sangat diperlukan. Jangan ragu untuk berkonsultasi dengan bidan atau dokter anak tentang jadwal imunisasi.

Efek samping imunisasi umumnya ringan seperti demam ringan atau bengkak di bekas suntikan. Hal ini normal dan akan hilang dalam 1-2 hari. Berikan ASI lebih sering atau kompres hangat untuk mengurangi rasa tidak nyaman. Segera hubungi tenaga kesehatan jika terjadi reaksi berat.",Gizi,Draft,237346,,,2025-12-03 03:03:52,2025-12-03 03:03:52
52,Perkembangan Motorik Anak Usia 0-2 Tahun (Bagian 2),"Efek samping imunisasi umumnya ringan seperti demam ringan atau bengkak di bekas suntikan. Hal ini normal dan akan hilang dalam 1-2 hari. Berikan ASI lebih sering atau kompres hangat untuk mengurangi rasa tidak nyaman. Segera hubungi tenaga kesehatan jika terjadi reaksi berat.

Jadwal imunisasi yang teratur akan melindungi anak dari berbagai penyakit infeksi. Kekebalan kelompok (herd immunity) tercapai jika minimal 95% anak telah diimunisasi. Oleh karena itu, partisipasi aktif orang tua sangat diperlukan. Jangan ragu untuk berkonsultasi dengan bidan atau dokter anak tentang jadwal imunisasi.

Imunisasi adalah upaya pemberian vaksin untuk membentuk kekebalan tubuh terhadap penyakit tertentu. Di Indonesia, program imunisasi dasar lengkap meliputi HB-0, BCG, Polio, DPT-HB-Hib, dan MR. Imunisasi sangat penting untuk mencegah penyakit berbahaya seperti campak, polio, dan tuberkulosis. Pastikan anak Anda mendapatkan imunisasi sesuai jadwal yang telah ditentukan.",Imunisasi,Dipublikasikan,207646,223490,2026-01-01,2025-07-18 23:15:49,2025-07-18 23:15:49
53,Persiapan Persalinan Sehat (Bagian 2),"Jadwal imunisasi yang teratur akan melindungi anak dari berbagai penyakit infeksi. Kekebalan kelompok (herd immunity) tercapai jika minimal 95% anak telah diimunisasi. Oleh karena itu, partisipasi aktif orang tua sangat diperlukan. Jangan ragu untuk berkonsultasi dengan bidan atau dokter anak tentang jadwal imunisasi.

Imunisasi adalah upaya pemberian vaksin untuk membentuk kekebalan tubuh terhadap penyakit tertentu. Di Indonesia, program imunisasi dasar lengkap meliputi HB-0, BCG, Polio, DPT-HB-Hib, dan MR. Imunisasi sangat penting untuk mencegah penyakit berbahaya seperti campak, polio, dan tuberkulosis. Pastikan anak Anda mendapatkan imunisasi sesuai jadwal yang telah ditentukan.

Efek samping imunisasi umumnya ringan seperti demam ringan atau bengkak di bekas suntikan. Hal ini normal dan akan hilang dalam 1-2 hari. Berikan ASI lebih sering atau kompres hangat untuk mengurangi rasa tidak nyaman. Segera hubungi tenaga kesehatan jika terjadi reaksi berat.",Gizi,Menunggu Verifikasi,206690,,,2025-07-13 05:21:26,2025-07-13 05:21:26
54,Tumbuh Kembang Anak Normal (Bagian 2),"Konsultasikan ke tenaga kesehatan jika anak belum bisa tengkurap di usia 4 bulan, belum merangkak di usia 9 bulan, atau belum berjalan di usia 18 bulan. Stimulasi yang teratur dan kasih sayang orang tua sangat penting untuk perkembangan optimal anak.

Perkembangan anak meliputi aspek motorik kasar, motorik halus, bahasa, dan personal-sosial. Setiap anak memiliki kecepatan tumbuh kembang yang berbeda, namun ada tolok ukur umum sesuai usia. Stimulasi dini dapat dilakukan dengan mengajak bermain, berbicara, membaca, dan bernyanyi.

Pada usia 0-3 bulan, bayi sudah bisa mengangkat kepala. Usia 4-6 bulan, bayi mulai tengkurap dan meraih mainan. Usia 7-9 bulan, bayi duduk sendiri dan merangkak. Usia 10-12 bulan, bayi berdiri dengan pegangan dan mulai berjalan. Orang tua perlu waspada jika ada tanda keterlambatan.",Gizi,Diarsipkan,235496,,,2025-09-07 18:40:40,2025-09-07 18:40:40
55,Bahaya Campak dan Rubella (Bagian 2),"Jadwal imunisasi yang teratur akan melindungi anak dari berbagai penyakit infeksi. Kekebalan kelompok (herd immunity) tercapai jika minimal 95% anak telah diimunisasi. Oleh karena itu, partisipasi aktif orang tua sangat diperlukan. Jangan ragu untuk berkonsultasi dengan bidan atau dokter anak tentang jadwal imunisasi.

Efek samping imunisasi umumnya ringan seperti demam ringan atau bengkak di bekas suntikan. Hal ini normal dan akan hilang dalam 1-2 hari. Berikan ASI lebih sering atau kompres hangat untuk mengurangi rasa tidak nyaman. Segera hubungi tenaga kesehatan jika terjadi reaksi berat.

Imunisasi adalah upaya pemberian vaksin untuk membentuk kekebalan tubuh terhadap penyakit tertentu. Di Indonesia, program imunisasi dasar lengkap meliputi HB-0, BCG, Polio, DPT-HB-Hib, dan MR. Imunisasi sangat penting untuk mencegah penyakit berbahaya seperti campak, polio, dan tuberkulosis. Pastikan anak Anda mendapatkan imunisasi sesuai jadwal yang telah ditentukan.",Kehamilan,Ditolak,203214,243549,,2025-07-07 19:25:46,2025-07-07 19:25:46
56,Mengenal Tanda Bahaya Kehamilan (Bagian 2),"Tanda bahaya kehamilan yang harus diwaspadai: pendarahan melalui jalan lahir, sakit kepala hebat, pandangan kabur, bengkak di wajah dan tangan, demam tinggi, serta gerakan janin berkurang. Segera ke fasilitas kesehatan jika mengalami tanda-tanda tersebut.

Pemeriksaan kehamilan rutin minimal 6 kali selama masa kehamilan. Trimester pertama (1-3 bulan) periksa untuk konfirmasi kehamilan dan deteksi risiko awal. Trimester kedua (4-6 bulan) periksa untuk memantau pertumbuhan janin dan deteksi kelainan. Trimester ketiga (7-9 bulan) periksa untuk persiapan persalinan.

Ibu hamil dianjurkan mengonsumsi 90 tablet tambah darah selama kehamilan untuk mencegah anemia. Konsumsi makanan bergizi seimbang, istirahat cukup, dan lakukan aktivitas fisik ringan seperti jalan kaki. Persalinan sebaiknya ditolong oleh tenaga kesehatan terlatih di fasilitas kesehatan.",Gizi,Dipublikasikan,234165,223490,2025-12-07,2025-07-01 05:06:06,2025-07-01 05:06:06
57,Bahaya Campak dan Rubella (Bagian 2),"Efek samping imunisasi umumnya ringan seperti demam ringan atau bengkak di bekas suntikan. Hal ini normal dan akan hilang dalam 1-2 hari. Berikan ASI lebih sering atau kompres hangat untuk mengurangi rasa tidak nyaman. Segera hubungi tenaga kesehatan jika terjadi reaksi berat.

Jadwal imunisasi yang teratur akan melindungi anak dari berbagai penyakit infeksi. Kekebalan kelompok (herd immunity) tercapai jika minimal 95% anak telah diimunisasi. Oleh karena itu, partisipasi aktif orang tua sangat diperlukan. Jangan ragu untuk berkonsultasi dengan bidan atau dokter anak tentang jadwal imunisasi.

Imunisasi adalah upaya pemberian vaksin untuk membentuk kekebalan tubuh terhadap penyakit tertentu. Di Indonesia, program imunisasi dasar lengkap meliputi HB-0, BCG, Polio, DPT-HB-Hib, dan MR. Imunisasi sangat penting untuk mencegah penyakit berbahaya seperti campak, polio, dan tuberkulosis. Pastikan anak Anda mendapatkan imunisasi sesuai jadwal yang telah ditentukan.",Imunisasi,Dipublikasikan,224201,223459,2026-04-14,2025-11-18 03:19:38,2025-11-18 03:19:38
58,Kesehatan Ibu Hamil (Bagian 2),"Efek samping imunisasi umumnya ringan seperti demam ringan atau bengkak di bekas suntikan. Hal ini normal dan akan hilang dalam 1-2 hari. Berikan ASI lebih sering atau kompres hangat untuk mengurangi rasa tidak nyaman. Segera hubungi tenaga kesehatan jika terjadi reaksi berat.

Imunisasi adalah upaya pemberian vaksin untuk membentuk kekebalan tubuh terhadap penyakit tertentu. Di Indonesia, program imunisasi dasar lengkap meliputi HB-0, BCG, Polio, DPT-HB-Hib, dan MR. Imunisasi sangat penting untuk mencegah penyakit berbahaya seperti campak, polio, dan tuberkulosis. Pastikan anak Anda mendapatkan imunisasi sesuai jadwal yang telah ditentukan.

Jadwal imunisasi yang teratur akan melindungi anak dari berbagai penyakit infeksi. Kekebalan kelompok (herd immunity) tercapai jika minimal 95% anak telah diimunisasi. Oleh karena itu, partisipasi aktif orang tua sangat diperlukan. Jangan ragu untuk berkonsultasi dengan bidan atau dokter anak tentang jadwal imunisasi.",Gizi,Menunggu Verifikasi,201160,,,2025-11-25 02:47:17,2025-11-25 02:47:17
59,Pentingnya Buku KIA (Bagian 2),"Jadwal imunisasi yang teratur akan melindungi anak dari berbagai penyakit infeksi. Kekebalan kelompok (herd immunity) tercapai jika minimal 95% anak telah diimunisasi. Oleh karena itu, partisipasi aktif orang tua sangat diperlukan. Jangan ragu untuk berkonsultasi dengan bidan atau dokter anak tentang jadwal imunisasi.

Efek samping imunisasi umumnya ringan seperti demam ringan atau bengkak di bekas suntikan. Hal ini normal dan akan hilang dalam 1-2 hari. Berikan ASI lebih sering atau kompres hangat untuk mengurangi rasa tidak nyaman. Segera hubungi tenaga kesehatan jika terjadi reaksi berat.

Imunisasi adalah upaya pemberian vaksin untuk membentuk kekebalan tubuh terhadap penyakit tertentu. Di Indonesia, program imunisasi dasar lengkap meliputi HB-0, BCG, Polio, DPT-HB-Hib, dan MR. Imunisasi sangat penting untuk mencegah penyakit berbahaya seperti campak, polio, dan tuberkulosis. Pastikan anak Anda mendapatkan imunisasi sesuai jadwal yang telah ditentukan.",Gizi,Diarsipkan,222101,,,2025-09-12 16:14:21,2025-09-12 16:14:21
60,Pemberian ASI Eksklusif (Bagian 3),"Ibu menyusui perlu makan bergizi, istirahat cukup, dan menghindari stres. Dukungan keluarga sangat penting untuk keberhasilan ASI eksklusif. Bayi yang diberi ASI eksklusif memiliki sistem kekebalan lebih baik dan risiko kematian lebih rendah.

ASI eksklusif diberikan selama 6 bulan pertama tanpa cairan atau makanan pendamping. ASI mengandung antibodi, enzim, dan hormon yang melindungi bayi dari infeksi dan alergi. Inisiasi Menyusu Dini (IMD) dilakukan segera setelah bayi lahir untuk meningkatkan produksi ASI.

Jika ibu bekerja, ASI dapat diperah dan disimpan dalam wadah bersih. ASI perah dapat bertahan 6-8 jam pada suhu ruang, 3-5 hari di kulkas, dan 6 bulan di freezer. Berikan ASI dengan sendok atau cangkir, bukan dot, untuk mencegah bingung puting.",Kehamilan,Diarsipkan,211109,,,2026-05-16 20:17:18,2026-05-16 20:17:18
61,Gizi Seimbang untuk Balita (Bagian 3),"Pola makan yang baik akan mendukung pertumbuhan dan perkembangan optimal. Hindari makanan tinggi gula dan lemak jenuh. Biasakan anak makan sayur dan buah setiap hari. Libatkan anak dalam menyiapkan makanan agar mereka lebih tertarik untuk mencoba.

Gizi seimbang berarti konsumsi makanan beragam dalam jumlah cukup sesuai kebutuhan tubuh. Prinsip gizi seimbang: makan makanan dengan komposisi karbohidrat, protein, lemak sehat, vitamin, mineral, dan air. Anak balita membutuhkan energi lebih besar per kilogram berat badan dibanding orang dewasa.

Menu makanan balita harus mengandung sumber energi (nasi, roti, ubi), sumber pembangun (ikan, telur, daging, tahu, tempe), dan sumber pengatur (sayur, buah). Kekurangan zat besi dapat menyebabkan anemia dan mengganggu perkembangan kognitif anak. Berikan hati ayam, bayam, atau kacang-kacangan.",Imunisasi,Ditolak,249051,202365,,2026-01-29 23:57:17,2026-01-29 23:57:17
62,Gizi Seimbang untuk Balita (Bagian 3),"Pola makan yang baik akan mendukung pertumbuhan dan perkembangan optimal. Hindari makanan tinggi gula dan lemak jenuh. Biasakan anak makan sayur dan buah setiap hari. Libatkan anak dalam menyiapkan makanan agar mereka lebih tertarik untuk mencoba.

Gizi seimbang berarti konsumsi makanan beragam dalam jumlah cukup sesuai kebutuhan tubuh. Prinsip gizi seimbang: makan makanan dengan komposisi karbohidrat, protein, lemak sehat, vitamin, mineral, dan air. Anak balita membutuhkan energi lebih besar per kilogram berat badan dibanding orang dewasa.

Menu makanan balita harus mengandung sumber energi (nasi, roti, ubi), sumber pembangun (ikan, telur, daging, tahu, tempe), dan sumber pengatur (sayur, buah). Kekurangan zat besi dapat menyebabkan anemia dan mengganggu perkembangan kognitif anak. Berikan hati ayam, bayam, atau kacang-kacangan.",Penyakit,Dipublikasikan,227709,243549,2026-06-03,2026-01-10 08:54:24,2026-01-10 08:54:24
63,Pentingnya Buku KIA (Bagian 3),"Jadwal imunisasi yang teratur akan melindungi anak dari berbagai penyakit infeksi. Kekebalan kelompok (herd immunity) tercapai jika minimal 95% anak telah diimunisasi. Oleh karena itu, partisipasi aktif orang tua sangat diperlukan. Jangan ragu untuk berkonsultasi dengan bidan atau dokter anak tentang jadwal imunisasi.

Efek samping imunisasi umumnya ringan seperti demam ringan atau bengkak di bekas suntikan. Hal ini normal dan akan hilang dalam 1-2 hari. Berikan ASI lebih sering atau kompres hangat untuk mengurangi rasa tidak nyaman. Segera hubungi tenaga kesehatan jika terjadi reaksi berat.

Imunisasi adalah upaya pemberian vaksin untuk membentuk kekebalan tubuh terhadap penyakit tertentu. Di Indonesia, program imunisasi dasar lengkap meliputi HB-0, BCG, Polio, DPT-HB-Hib, dan MR. Imunisasi sangat penting untuk mencegah penyakit berbahaya seperti campak, polio, dan tuberkulosis. Pastikan anak Anda mendapatkan imunisasi sesuai jadwal yang telah ditentukan.",Kehamilan,Menunggu Verifikasi,213631,,,2026-02-02 01:51:11,2026-02-02 01:51:11
64,Manfaat Posyandu untuk Balita (Bagian 3),"Imunisasi adalah upaya pemberian vaksin untuk membentuk kekebalan tubuh terhadap penyakit tertentu. Di Indonesia, program imunisasi dasar lengkap meliputi HB-0, BCG, Polio, DPT-HB-Hib, dan MR. Imunisasi sangat penting untuk mencegah penyakit berbahaya seperti campak, polio, dan tuberkulosis. Pastikan anak Anda mendapatkan imunisasi sesuai jadwal yang telah ditentukan.

Jadwal imunisasi yang teratur akan melindungi anak dari berbagai penyakit infeksi. Kekebalan kelompok (herd immunity) tercapai jika minimal 95% anak telah diimunisasi. Oleh karena itu, partisipasi aktif orang tua sangat diperlukan. Jangan ragu untuk berkonsultasi dengan bidan atau dokter anak tentang jadwal imunisasi.

Efek samping imunisasi umumnya ringan seperti demam ringan atau bengkak di bekas suntikan. Hal ini normal dan akan hilang dalam 1-2 hari. Berikan ASI lebih sering atau kompres hangat untuk mengurangi rasa tidak nyaman. Segera hubungi tenaga kesehatan jika terjadi reaksi berat.",Imunisasi,Diarsipkan,202063,,,2025-06-16 05:56:37,2025-06-16 05:56:37
65,Perkembangan Motorik Anak Usia 0-2 Tahun (Bagian 3),"Jadwal imunisasi yang teratur akan melindungi anak dari berbagai penyakit infeksi. Kekebalan kelompok (herd immunity) tercapai jika minimal 95% anak telah diimunisasi. Oleh karena itu, partisipasi aktif orang tua sangat diperlukan. Jangan ragu untuk berkonsultasi dengan bidan atau dokter anak tentang jadwal imunisasi.

Efek samping imunisasi umumnya ringan seperti demam ringan atau bengkak di bekas suntikan. Hal ini normal dan akan hilang dalam 1-2 hari. Berikan ASI lebih sering atau kompres hangat untuk mengurangi rasa tidak nyaman. Segera hubungi tenaga kesehatan jika terjadi reaksi berat.

Imunisasi adalah upaya pemberian vaksin untuk membentuk kekebalan tubuh terhadap penyakit tertentu. Di Indonesia, program imunisasi dasar lengkap meliputi HB-0, BCG, Polio, DPT-HB-Hib, dan MR. Imunisasi sangat penting untuk mencegah penyakit berbahaya seperti campak, polio, dan tuberkulosis. Pastikan anak Anda mendapatkan imunisasi sesuai jadwal yang telah ditentukan.",Penyakit,Ditolak,247241,223490,,2025-07-07 10:48:44,2025-07-07 10:48:44
66,Pentingnya Buku KIA (Bagian 3),"Jadwal imunisasi yang teratur akan melindungi anak dari berbagai penyakit infeksi. Kekebalan kelompok (herd immunity) tercapai jika minimal 95% anak telah diimunisasi. Oleh karena itu, partisipasi aktif orang tua sangat diperlukan. Jangan ragu untuk berkonsultasi dengan bidan atau dokter anak tentang jadwal imunisasi.

Imunisasi adalah upaya pemberian vaksin untuk membentuk kekebalan tubuh terhadap penyakit tertentu. Di Indonesia, program imunisasi dasar lengkap meliputi HB-0, BCG, Polio, DPT-HB-Hib, dan MR. Imunisasi sangat penting untuk mencegah penyakit berbahaya seperti campak, polio, dan tuberkulosis. Pastikan anak Anda mendapatkan imunisasi sesuai jadwal yang telah ditentukan.

Efek samping imunisasi umumnya ringan seperti demam ringan atau bengkak di bekas suntikan. Hal ini normal dan akan hilang dalam 1-2 hari. Berikan ASI lebih sering atau kompres hangat untuk mengurangi rasa tidak nyaman. Segera hubungi tenaga kesehatan jika terjadi reaksi berat.",Penyakit,Draft,238824,,,2025-10-07 09:02:09,2025-10-07 09:02:09
67,Pemberian ASI Eksklusif (Bagian 3),"ASI eksklusif diberikan selama 6 bulan pertama tanpa cairan atau makanan pendamping. ASI mengandung antibodi, enzim, dan hormon yang melindungi bayi dari infeksi dan alergi. Inisiasi Menyusu Dini (IMD) dilakukan segera setelah bayi lahir untuk meningkatkan produksi ASI.

Ibu menyusui perlu makan bergizi, istirahat cukup, dan menghindari stres. Dukungan keluarga sangat penting untuk keberhasilan ASI eksklusif. Bayi yang diberi ASI eksklusif memiliki sistem kekebalan lebih baik dan risiko kematian lebih rendah.

Jika ibu bekerja, ASI dapat diperah dan disimpan dalam wadah bersih. ASI perah dapat bertahan 6-8 jam pada suhu ruang, 3-5 hari di kulkas, dan 6 bulan di freezer. Berikan ASI dengan sendok atau cangkir, bukan dot, untuk mencegah bingung puting.",Kehamilan,Draft,205755,,,2025-09-28 03:54:19,2025-09-28 03:54:19
68,Gizi Seimbang untuk Balita (Bagian 3),"Gizi seimbang berarti konsumsi makanan beragam dalam jumlah cukup sesuai kebutuhan tubuh. Prinsip gizi seimbang: makan makanan dengan komposisi karbohidrat, protein, lemak sehat, vitamin, mineral, dan air. Anak balita membutuhkan energi lebih besar per kilogram berat badan dibanding orang dewasa.

Menu makanan balita harus mengandung sumber energi (nasi, roti, ubi), sumber pembangun (ikan, telur, daging, tahu, tempe), dan sumber pengatur (sayur, buah). Kekurangan zat besi dapat menyebabkan anemia dan mengganggu perkembangan kognitif anak. Berikan hati ayam, bayam, atau kacang-kacangan.

Pola makan yang baik akan mendukung pertumbuhan dan perkembangan optimal. Hindari makanan tinggi gula dan lemak jenuh. Biasakan anak makan sayur dan buah setiap hari. Libatkan anak dalam menyiapkan makanan agar mereka lebih tertarik untuk mencoba.",Gizi,Dipublikasikan,213995,206135,2025-10-06,2026-01-18 06:51:01,2026-01-18 06:51:01
69,Vaksin MR dan Polio (Bagian 3),"Vaksin DPT-HB-Hib melindungi dari difteri, pertusis, tetanus, hepatitis B, dan Hib. Pastikan anak mendapatkan imunisasi lengkap sesuai jadwal untuk kekebalan optimal. Imunisasi merupakan hak anak dan kewajiban orang tua untuk melindungi generasi masa depan.

Vaksin MR melindungi dari campak (measles) dan rubella yang dapat menyebabkan kecacatan bawaan. Vaksin polio mencegah kelumpuhan akibat virus polio yang menyerang sistem saraf. Vaksin BCG diberikan untuk mencegah tuberkulosis berat pada anak.

Kekebalan kelompok hanya tercapai jika cakupan imunisasi tinggi. Mari dukung program imunisasi nasional dengan membawa anak ke posyandu atau puskesmas terdekat. Imunisasi aman, efektif, dan gratis.",Penyakit,Diarsipkan,209973,,,2026-03-26 04:03:40,2026-03-26 04:03:40
70,Vaksin MR dan Polio (Bagian 3),"Vaksin MR melindungi dari campak (measles) dan rubella yang dapat menyebabkan kecacatan bawaan. Vaksin polio mencegah kelumpuhan akibat virus polio yang menyerang sistem saraf. Vaksin BCG diberikan untuk mencegah tuberkulosis berat pada anak.

Kekebalan kelompok hanya tercapai jika cakupan imunisasi tinggi. Mari dukung program imunisasi nasional dengan membawa anak ke posyandu atau puskesmas terdekat. Imunisasi aman, efektif, dan gratis.

Vaksin DPT-HB-Hib melindungi dari difteri, pertusis, tetanus, hepatitis B, dan Hib. Pastikan anak mendapatkan imunisasi lengkap sesuai jadwal untuk kekebalan optimal. Imunisasi merupakan hak anak dan kewajiban orang tua untuk melindungi generasi masa depan.",Gizi,Dipublikasikan,234661,202365,2026-03-09,2025-11-30 15:30:08,2025-11-30 15:30:08
71,Pentingnya Buku KIA (Bagian 3),"Efek samping imunisasi umumnya ringan seperti demam ringan atau bengkak di bekas suntikan. Hal ini normal dan akan hilang dalam 1-2 hari. Berikan ASI lebih sering atau kompres hangat untuk mengurangi rasa tidak nyaman. Segera hubungi tenaga kesehatan jika terjadi reaksi berat.

Jadwal imunisasi yang teratur akan melindungi anak dari berbagai penyakit infeksi. Kekebalan kelompok (herd immunity) tercapai jika minimal 95% anak telah diimunisasi. Oleh karena itu, partisipasi aktif orang tua sangat diperlukan. Jangan ragu untuk berkonsultasi dengan bidan atau dokter anak tentang jadwal imunisasi.

Imunisasi adalah upaya pemberian vaksin untuk membentuk kekebalan tubuh terhadap penyakit tertentu. Di Indonesia, program imunisasi dasar lengkap meliputi HB-0, BCG, Polio, DPT-HB-Hib, dan MR. Imunisasi sangat penting untuk mencegah penyakit berbahaya seperti campak, polio, dan tuberkulosis. Pastikan anak Anda mendapatkan imunisasi sesuai jadwal yang telah ditentukan.",Kehamilan,Menunggu Verifikasi,212022,,,2025-12-17 22:31:59,2025-12-17 22:31:59
72,Pentingnya Imunisasi Booster (Bagian 3),"Imunisasi adalah upaya pemberian vaksin untuk membentuk kekebalan tubuh terhadap penyakit tertentu. Di Indonesia, program imunisasi dasar lengkap meliputi HB-0, BCG, Polio, DPT-HB-Hib, dan MR. Imunisasi sangat penting untuk mencegah penyakit berbahaya seperti campak, polio, dan tuberkulosis. Pastikan anak Anda mendapatkan imunisasi sesuai jadwal yang telah ditentukan.

Efek samping imunisasi umumnya ringan seperti demam ringan atau bengkak di bekas suntikan. Hal ini normal dan akan hilang dalam 1-2 hari. Berikan ASI lebih sering atau kompres hangat untuk mengurangi rasa tidak nyaman. Segera hubungi tenaga kesehatan jika terjadi reaksi berat.

Jadwal imunisasi yang teratur akan melindungi anak dari berbagai penyakit infeksi. Kekebalan kelompok (herd immunity) tercapai jika minimal 95% anak telah diimunisasi. Oleh karena itu, partisipasi aktif orang tua sangat diperlukan. Jangan ragu untuk berkonsultasi dengan bidan atau dokter anak tentang jadwal imunisasi.",Gizi,Menunggu Verifikasi,235398,,,2025-11-26 07:39:42,2025-11-26 07:39:42
73,Bahaya Campak dan Rubella (Bagian 3),"Imunisasi adalah upaya pemberian vaksin untuk membentuk kekebalan tubuh terhadap penyakit tertentu. Di Indonesia, program imunisasi dasar lengkap meliputi HB-0, BCG, Polio, DPT-HB-Hib, dan MR. Imunisasi sangat penting untuk mencegah penyakit berbahaya seperti campak, polio, dan tuberkulosis. Pastikan anak Anda mendapatkan imunisasi sesuai jadwal yang telah ditentukan.

Efek samping imunisasi umumnya ringan seperti demam ringan atau bengkak di bekas suntikan. Hal ini normal dan akan hilang dalam 1-2 hari. Berikan ASI lebih sering atau kompres hangat untuk mengurangi rasa tidak nyaman. Segera hubungi tenaga kesehatan jika terjadi reaksi berat.

Jadwal imunisasi yang teratur akan melindungi anak dari berbagai penyakit infeksi. Kekebalan kelompok (herd immunity) tercapai jika minimal 95% anak telah diimunisasi. Oleh karena itu, partisipasi aktif orang tua sangat diperlukan. Jangan ragu untuk berkonsultasi dengan bidan atau dokter anak tentang jadwal imunisasi.",Imunisasi,Ditolak,216885,243549,,2025-11-25 10:05:00,2025-11-25 10:05:00
74,Tumbuh Kembang Anak Normal (Bagian 3),"Pada usia 0-3 bulan, bayi sudah bisa mengangkat kepala. Usia 4-6 bulan, bayi mulai tengkurap dan meraih mainan. Usia 7-9 bulan, bayi duduk sendiri dan merangkak. Usia 10-12 bulan, bayi berdiri dengan pegangan dan mulai berjalan. Orang tua perlu waspada jika ada tanda keterlambatan.

Konsultasikan ke tenaga kesehatan jika anak belum bisa tengkurap di usia 4 bulan, belum merangkak di usia 9 bulan, atau belum berjalan di usia 18 bulan. Stimulasi yang teratur dan kasih sayang orang tua sangat penting untuk perkembangan optimal anak.

Perkembangan anak meliputi aspek motorik kasar, motorik halus, bahasa, dan personal-sosial. Setiap anak memiliki kecepatan tumbuh kembang yang berbeda, namun ada tolok ukur umum sesuai usia. Stimulasi dini dapat dilakukan dengan mengajak bermain, berbicara, membaca, dan bernyanyi.",Tumbuh Kembang,Ditolak,242789,223490,,2026-01-09 17:59:42,2026-01-09 17:59:42
75,Pemberian ASI Eksklusif (Bagian 3),"Ibu menyusui perlu makan bergizi, istirahat cukup, dan menghindari stres. Dukungan keluarga sangat penting untuk keberhasilan ASI eksklusif. Bayi yang diberi ASI eksklusif memiliki sistem kekebalan lebih baik dan risiko kematian lebih rendah.

Jika ibu bekerja, ASI dapat diperah dan disimpan dalam wadah bersih. ASI perah dapat bertahan 6-8 jam pada suhu ruang, 3-5 hari di kulkas, dan 6 bulan di freezer. Berikan ASI dengan sendok atau cangkir, bukan dot, untuk mencegah bingung puting.

ASI eksklusif diberikan selama 6 bulan pertama tanpa cairan atau makanan pendamping. ASI mengandung antibodi, enzim, dan hormon yang melindungi bayi dari infeksi dan alergi. Inisiasi Menyusu Dini (IMD) dilakukan segera setelah bayi lahir untuk meningkatkan produksi ASI.",Kehamilan,Ditolak,200253,223459,,2026-03-06 22:16:59,2026-03-06 22:16:59
76,Persiapan Persalinan Sehat (Bagian 3),"Efek samping imunisasi umumnya ringan seperti demam ringan atau bengkak di bekas suntikan. Hal ini normal dan akan hilang dalam 1-2 hari. Berikan ASI lebih sering atau kompres hangat untuk mengurangi rasa tidak nyaman. Segera hubungi tenaga kesehatan jika terjadi reaksi berat.

Jadwal imunisasi yang teratur akan melindungi anak dari berbagai penyakit infeksi. Kekebalan kelompok (herd immunity) tercapai jika minimal 95% anak telah diimunisasi. Oleh karena itu, partisipasi aktif orang tua sangat diperlukan. Jangan ragu untuk berkonsultasi dengan bidan atau dokter anak tentang jadwal imunisasi.

Imunisasi adalah upaya pemberian vaksin untuk membentuk kekebalan tubuh terhadap penyakit tertentu. Di Indonesia, program imunisasi dasar lengkap meliputi HB-0, BCG, Polio, DPT-HB-Hib, dan MR. Imunisasi sangat penting untuk mencegah penyakit berbahaya seperti campak, polio, dan tuberkulosis. Pastikan anak Anda mendapatkan imunisasi sesuai jadwal yang telah ditentukan.",Gizi,Menunggu Verifikasi,212120,,,2026-05-02 07:36:16,2026-05-02 07:36:16
77,Perkembangan Motorik Anak Usia 0-2 Tahun (Bagian 3),"Efek samping imunisasi umumnya ringan seperti demam ringan atau bengkak di bekas suntikan. Hal ini normal dan akan hilang dalam 1-2 hari. Berikan ASI lebih sering atau kompres hangat untuk mengurangi rasa tidak nyaman. Segera hubungi tenaga kesehatan jika terjadi reaksi berat.

Imunisasi adalah upaya pemberian vaksin untuk membentuk kekebalan tubuh terhadap penyakit tertentu. Di Indonesia, program imunisasi dasar lengkap meliputi HB-0, BCG, Polio, DPT-HB-Hib, dan MR. Imunisasi sangat penting untuk mencegah penyakit berbahaya seperti campak, polio, dan tuberkulosis. Pastikan anak Anda mendapatkan imunisasi sesuai jadwal yang telah ditentukan.

Jadwal imunisasi yang teratur akan melindungi anak dari berbagai penyakit infeksi. Kekebalan kelompok (herd immunity) tercapai jika minimal 95% anak telah diimunisasi. Oleh karena itu, partisipasi aktif orang tua sangat diperlukan. Jangan ragu untuk berkonsultasi dengan bidan atau dokter anak tentang jadwal imunisasi.",Gizi,Ditolak,226660,225811,,2026-03-27 00:30:18,2026-03-27 00:30:18
78,Pencegahan Stunting Sejak Dini (Bagian 3),"Stunting adalah kondisi gagal tumbuh pada anak akibat kekurangan gizi kronis dalam 1000 hari pertama kehidupan. Anak stunting memiliki tinggi badan di bawah standar usianya. Pencegahan stunting dimulai sejak masa kehamilan dengan asupan gizi yang cukup, pemberian ASI eksklusif 6 bulan, MPASI bergizi, dan imunisasi lengkap.

Pemantauan pertumbuhan di posyandu setiap bulan sangat penting untuk deteksi dini stunting. Ibu hamil perlu mengonsumsi tablet tambah darah dan makanan berprotein tinggi seperti telur, ikan, dan daging. Sanitasi yang buruk juga berkontribusi terhadap stunting, jadi jaga kebersihan lingkungan.

Stunting dapat dicegah dengan intervensi gizi spesifik dan sensitif. Intervensi spesifik meliputi suplementasi zat besi pada ibu hamil dan imunisasi. Intervensi sensitif meliputi penyediaan air bersih, sanitasi, dan jaminan sosial. Mari bersama-sama wujudkan generasi bebas stunting.",Tumbuh Kembang,Dipublikasikan,237063,206135,2025-08-04,2025-07-22 11:28:22,2025-07-22 11:28:22
79,Manfaat Imunisasi untuk Anak (Bagian 3),"Efek samping imunisasi umumnya ringan seperti demam ringan atau bengkak di bekas suntikan. Hal ini normal dan akan hilang dalam 1-2 hari. Berikan ASI lebih sering atau kompres hangat untuk mengurangi rasa tidak nyaman. Segera hubungi tenaga kesehatan jika terjadi reaksi berat.

Imunisasi adalah upaya pemberian vaksin untuk membentuk kekebalan tubuh terhadap penyakit tertentu. Di Indonesia, program imunisasi dasar lengkap meliputi HB-0, BCG, Polio, DPT-HB-Hib, dan MR. Imunisasi sangat penting untuk mencegah penyakit berbahaya seperti campak, polio, dan tuberkulosis. Pastikan anak Anda mendapatkan imunisasi sesuai jadwal yang telah ditentukan.

Jadwal imunisasi yang teratur akan melindungi anak dari berbagai penyakit infeksi. Kekebalan kelompok (herd immunity) tercapai jika minimal 95% anak telah diimunisasi. Oleh karena itu, partisipasi aktif orang tua sangat diperlukan. Jangan ragu untuk berkonsultasi dengan bidan atau dokter anak tentang jadwal imunisasi.",Kehamilan,Diarsipkan,237009,,,2026-04-29 00:01:14,2026-04-29 00:01:14
80,Mengenal Tanda Bahaya Kehamilan (Bagian 4),"Tanda bahaya kehamilan yang harus diwaspadai: pendarahan melalui jalan lahir, sakit kepala hebat, pandangan kabur, bengkak di wajah dan tangan, demam tinggi, serta gerakan janin berkurang. Segera ke fasilitas kesehatan jika mengalami tanda-tanda tersebut.

Ibu hamil dianjurkan mengonsumsi 90 tablet tambah darah selama kehamilan untuk mencegah anemia. Konsumsi makanan bergizi seimbang, istirahat cukup, dan lakukan aktivitas fisik ringan seperti jalan kaki. Persalinan sebaiknya ditolong oleh tenaga kesehatan terlatih di fasilitas kesehatan.

Pemeriksaan kehamilan rutin minimal 6 kali selama masa kehamilan. Trimester pertama (1-3 bulan) periksa untuk konfirmasi kehamilan dan deteksi risiko awal. Trimester kedua (4-6 bulan) periksa untuk memantau pertumbuhan janin dan deteksi kelainan. Trimester ketiga (7-9 bulan) periksa untuk persiapan persalinan.",Imunisasi,Dipublikasikan,219967,229645,2025-07-10,2026-01-11 20:54:37,2026-01-11 20:54:37
81,Pencegahan Diare pada Anak (Bagian 4),"Menjaga sanitasi lingkungan dan kebersihan makanan adalah kunci mencegah diare. Zinc dapat diberikan selama 10 hari berturut-turut untuk memperpendek durasi diare. Pastikan selalu tersedia air bersih di rumah.

Diare adalah buang air besar encer lebih dari 3 kali sehari. Penyebab diare antara lain infeksi virus, bakteri, atau parasit, juga bisa karena alergi makanan. Pencegahan diare: cuci tangan pakai sabun, konsumsi air bersih, dan imunisasi rotavirus.

Jika anak diare, berikan oralit untuk mencegah dehidrasi. Teruskan ASI atau makanan lunak. Jangan memberikan obat diare tanpa resep dokter. Segera bawa ke fasilitas kesehatan jika diare disertai darah, muntah terus, atau sangat lemas.",Imunisasi,Dipublikasikan,237010,202365,2026-04-02,2026-01-30 13:09:45,2026-01-30 13:09:45
82,Vaksin MR dan Polio (Bagian 4),"Kekebalan kelompok hanya tercapai jika cakupan imunisasi tinggi. Mari dukung program imunisasi nasional dengan membawa anak ke posyandu atau puskesmas terdekat. Imunisasi aman, efektif, dan gratis.

Vaksin DPT-HB-Hib melindungi dari difteri, pertusis, tetanus, hepatitis B, dan Hib. Pastikan anak mendapatkan imunisasi lengkap sesuai jadwal untuk kekebalan optimal. Imunisasi merupakan hak anak dan kewajiban orang tua untuk melindungi generasi masa depan.

Vaksin MR melindungi dari campak (measles) dan rubella yang dapat menyebabkan kecacatan bawaan. Vaksin polio mencegah kelumpuhan akibat virus polio yang menyerang sistem saraf. Vaksin BCG diberikan untuk mencegah tuberkulosis berat pada anak.",Penyakit,Diarsipkan,236581,,,2025-06-20 08:04:54,2025-06-20 08:04:54
83,Tumbuh Kembang Anak Normal (Bagian 4),"Perkembangan anak meliputi aspek motorik kasar, motorik halus, bahasa, dan personal-sosial. Setiap anak memiliki kecepatan tumbuh kembang yang berbeda, namun ada tolok ukur umum sesuai usia. Stimulasi dini dapat dilakukan dengan mengajak bermain, berbicara, membaca, dan bernyanyi.

Pada usia 0-3 bulan, bayi sudah bisa mengangkat kepala. Usia 4-6 bulan, bayi mulai tengkurap dan meraih mainan. Usia 7-9 bulan, bayi duduk sendiri dan merangkak. Usia 10-12 bulan, bayi berdiri dengan pegangan dan mulai berjalan. Orang tua perlu waspada jika ada tanda keterlambatan.

Konsultasikan ke tenaga kesehatan jika anak belum bisa tengkurap di usia 4 bulan, belum merangkak di usia 9 bulan, atau belum berjalan di usia 18 bulan. Stimulasi yang teratur dan kasih sayang orang tua sangat penting untuk perkembangan optimal anak.",Gizi,Draft,209303,,,2025-07-28 14:50:08,2025-07-28 14:50:08
84,Pencegahan Stunting Sejak Dini (Bagian 4),"Stunting adalah kondisi gagal tumbuh pada anak akibat kekurangan gizi kronis dalam 1000 hari pertama kehidupan. Anak stunting memiliki tinggi badan di bawah standar usianya. Pencegahan stunting dimulai sejak masa kehamilan dengan asupan gizi yang cukup, pemberian ASI eksklusif 6 bulan, MPASI bergizi, dan imunisasi lengkap.

Stunting dapat dicegah dengan intervensi gizi spesifik dan sensitif. Intervensi spesifik meliputi suplementasi zat besi pada ibu hamil dan imunisasi. Intervensi sensitif meliputi penyediaan air bersih, sanitasi, dan jaminan sosial. Mari bersama-sama wujudkan generasi bebas stunting.

Pemantauan pertumbuhan di posyandu setiap bulan sangat penting untuk deteksi dini stunting. Ibu hamil perlu mengonsumsi tablet tambah darah dan makanan berprotein tinggi seperti telur, ikan, dan daging. Sanitasi yang buruk juga berkontribusi terhadap stunting, jadi jaga kebersihan lingkungan.",Penyakit,Menunggu Verifikasi,212558,,,2025-08-10 17:02:04,2025-08-10 17:02:04
85,Pentingnya Imunisasi Booster (Bagian 4),"Jadwal imunisasi yang teratur akan melindungi anak dari berbagai penyakit infeksi. Kekebalan kelompok (herd immunity) tercapai jika minimal 95% anak telah diimunisasi. Oleh karena itu, partisipasi aktif orang tua sangat diperlukan. Jangan ragu untuk berkonsultasi dengan bidan atau dokter anak tentang jadwal imunisasi.

Efek samping imunisasi umumnya ringan seperti demam ringan atau bengkak di bekas suntikan. Hal ini normal dan akan hilang dalam 1-2 hari. Berikan ASI lebih sering atau kompres hangat untuk mengurangi rasa tidak nyaman. Segera hubungi tenaga kesehatan jika terjadi reaksi berat.

Imunisasi adalah upaya pemberian vaksin untuk membentuk kekebalan tubuh terhadap penyakit tertentu. Di Indonesia, program imunisasi dasar lengkap meliputi HB-0, BCG, Polio, DPT-HB-Hib, dan MR. Imunisasi sangat penting untuk mencegah penyakit berbahaya seperti campak, polio, dan tuberkulosis. Pastikan anak Anda mendapatkan imunisasi sesuai jadwal yang telah ditentukan.",Penyakit,Menunggu Verifikasi,200214,,,2025-07-24 03:33:36,2025-07-24 03:33:36
86,Nutrisi untuk Ibu Menyusui (Bagian 4),"Imunisasi adalah upaya pemberian vaksin untuk membentuk kekebalan tubuh terhadap penyakit tertentu. Di Indonesia, program imunisasi dasar lengkap meliputi HB-0, BCG, Polio, DPT-HB-Hib, dan MR. Imunisasi sangat penting untuk mencegah penyakit berbahaya seperti campak, polio, dan tuberkulosis. Pastikan anak Anda mendapatkan imunisasi sesuai jadwal yang telah ditentukan.

Jadwal imunisasi yang teratur akan melindungi anak dari berbagai penyakit infeksi. Kekebalan kelompok (herd immunity) tercapai jika minimal 95% anak telah diimunisasi. Oleh karena itu, partisipasi aktif orang tua sangat diperlukan. Jangan ragu untuk berkonsultasi dengan bidan atau dokter anak tentang jadwal imunisasi.

Efek samping imunisasi umumnya ringan seperti demam ringan atau bengkak di bekas suntikan. Hal ini normal dan akan hilang dalam 1-2 hari. Berikan ASI lebih sering atau kompres hangat untuk mengurangi rasa tidak nyaman. Segera hubungi tenaga kesehatan jika terjadi reaksi berat.",Penyakit,Dipublikasikan,207933,216351,2025-08-04,2026-01-31 15:09:49,2026-01-31 15:09:49
87,Bahaya Campak dan Rubella (Bagian 4),"Efek samping imunisasi umumnya ringan seperti demam ringan atau bengkak di bekas suntikan. Hal ini normal dan akan hilang dalam 1-2 hari. Berikan ASI lebih sering atau kompres hangat untuk mengurangi rasa tidak nyaman. Segera hubungi tenaga kesehatan jika terjadi reaksi berat.

Jadwal imunisasi yang teratur akan melindungi anak dari berbagai penyakit infeksi. Kekebalan kelompok (herd immunity) tercapai jika minimal 95% anak telah diimunisasi. Oleh karena itu, partisipasi aktif orang tua sangat diperlukan. Jangan ragu untuk berkonsultasi dengan bidan atau dokter anak tentang jadwal imunisasi.

Imunisasi adalah upaya pemberian vaksin untuk membentuk kekebalan tubuh terhadap penyakit tertentu. Di Indonesia, program imunisasi dasar lengkap meliputi HB-0, BCG, Polio, DPT-HB-Hib, dan MR. Imunisasi sangat penting untuk mencegah penyakit berbahaya seperti campak, polio, dan tuberkulosis. Pastikan anak Anda mendapatkan imunisasi sesuai jadwal yang telah ditentukan.",Tumbuh Kembang,Draft,216843,,,2025-08-27 22:03:20,2025-08-27 22:03:20
88,Nutrisi untuk Ibu Menyusui (Bagian 4),"Efek samping imunisasi umumnya ringan seperti demam ringan atau bengkak di bekas suntikan. Hal ini normal dan akan hilang dalam 1-2 hari. Berikan ASI lebih sering atau kompres hangat untuk mengurangi rasa tidak nyaman. Segera hubungi tenaga kesehatan jika terjadi reaksi berat.

Jadwal imunisasi yang teratur akan melindungi anak dari berbagai penyakit infeksi. Kekebalan kelompok (herd immunity) tercapai jika minimal 95% anak telah diimunisasi. Oleh karena itu, partisipasi aktif orang tua sangat diperlukan. Jangan ragu untuk berkonsultasi dengan bidan atau dokter anak tentang jadwal imunisasi.

Imunisasi adalah upaya pemberian vaksin untuk membentuk kekebalan tubuh terhadap penyakit tertentu. Di Indonesia, program imunisasi dasar lengkap meliputi HB-0, BCG, Polio, DPT-HB-Hib, dan MR. Imunisasi sangat penting untuk mencegah penyakit berbahaya seperti campak, polio, dan tuberkulosis. Pastikan anak Anda mendapatkan imunisasi sesuai jadwal yang telah ditentukan.",Kehamilan,Dipublikasikan,201871,223459,2026-02-24,2025-08-17 11:36:11,2025-08-17 11:36:11
89,Deteksi Dini TBC pada Anak (Bagian 4),"Kontak erat dengan penderita TBC dewasa meningkatkan risiko penularan pada anak. Lingkungan rumah dengan ventilasi dan sinar matahari cukup membantu mencegah penularan. Segera periksa jika ada kontak dengan penderita TBC.

Tuberkulosis (TBC) pada anak dapat dicegah dengan vaksin BCG yang diberikan segera setelah lahir. Gejala TBC anak: batuk lebih dari 3 minggu, berat badan tidak naik, demam berkepanjangan, keringat malam tanpa aktivitas berat.

Pengobatan TBC anak harus tuntas minimal 6 bulan dengan kombinasi obat OAT (Obat Anti Tuberkulosis). Putus obat dapat menyebabkan resistensi dan kambuh. Orang tua harus memastikan anak minum obat secara teratur.",Gizi,Ditolak,247543,243549,,2025-06-12 03:29:07,2025-06-12 03:29:07
90,Peran Bidan di Masyarakat (Bagian 4),"Bidan juga berperan dalam memberikan penyuluhan tentang ASI eksklusif, KB, imunisasi, gizi, dan pencegahan stunting. Kunjungi bidan secara rutin untuk memastikan kehamilan sehat dan tumbuh kembang anak optimal.

Di desa terpencil, bidan sering menjadi satu-satunya fasilitas kesehatan yang mudah dijangkau. Bidan bekerja sama dengan kader posyandu untuk memantau ibu hamil dan balita di wilayahnya. Jangan ragu untuk berkonsultasi dengan bidan tentang kesehatan ibu dan anak.

Bidan adalah tenaga kesehatan yang bertugas memberikan pelayanan kebidanan dan kesehatan ibu-anak. Peran bidan meliputi pemeriksaan kehamilan, pertolongan persalinan, perawatan nifas, imunisasi, dan konseling kesehatan reproduksi.",Penyakit,Dipublikasikan,200861,202365,2026-04-03,2026-01-14 11:05:48,2026-01-14 11:05:48
91,Manfaat Imunisasi untuk Anak (Bagian 4),"Imunisasi adalah upaya pemberian vaksin untuk membentuk kekebalan tubuh terhadap penyakit tertentu. Di Indonesia, program imunisasi dasar lengkap meliputi HB-0, BCG, Polio, DPT-HB-Hib, dan MR. Imunisasi sangat penting untuk mencegah penyakit berbahaya seperti campak, polio, dan tuberkulosis. Pastikan anak Anda mendapatkan imunisasi sesuai jadwal yang telah ditentukan.

Jadwal imunisasi yang teratur akan melindungi anak dari berbagai penyakit infeksi. Kekebalan kelompok (herd immunity) tercapai jika minimal 95% anak telah diimunisasi. Oleh karena itu, partisipasi aktif orang tua sangat diperlukan. Jangan ragu untuk berkonsultasi dengan bidan atau dokter anak tentang jadwal imunisasi.

Efek samping imunisasi umumnya ringan seperti demam ringan atau bengkak di bekas suntikan. Hal ini normal dan akan hilang dalam 1-2 hari. Berikan ASI lebih sering atau kompres hangat untuk mengurangi rasa tidak nyaman. Segera hubungi tenaga kesehatan jika terjadi reaksi berat.",Penyakit,Ditolak,207394,206135,,2026-05-18 15:27:49,2026-05-18 15:27:49
92,Bahaya Campak dan Rubella (Bagian 4),"Efek samping imunisasi umumnya ringan seperti demam ringan atau bengkak di bekas suntikan. Hal ini normal dan akan hilang dalam 1-2 hari. Berikan ASI lebih sering atau kompres hangat untuk mengurangi rasa tidak nyaman. Segera hubungi tenaga kesehatan jika terjadi reaksi berat.

Jadwal imunisasi yang teratur akan melindungi anak dari berbagai penyakit infeksi. Kekebalan kelompok (herd immunity) tercapai jika minimal 95% anak telah diimunisasi. Oleh karena itu, partisipasi aktif orang tua sangat diperlukan. Jangan ragu untuk berkonsultasi dengan bidan atau dokter anak tentang jadwal imunisasi.

Imunisasi adalah upaya pemberian vaksin untuk membentuk kekebalan tubuh terhadap penyakit tertentu. Di Indonesia, program imunisasi dasar lengkap meliputi HB-0, BCG, Polio, DPT-HB-Hib, dan MR. Imunisasi sangat penting untuk mencegah penyakit berbahaya seperti campak, polio, dan tuberkulosis. Pastikan anak Anda mendapatkan imunisasi sesuai jadwal yang telah ditentukan.",Gizi,Diarsipkan,210508,,,2025-08-07 13:53:09,2025-08-07 13:53:09
93,Vaksin MR dan Polio (Bagian 4),"Kekebalan kelompok hanya tercapai jika cakupan imunisasi tinggi. Mari dukung program imunisasi nasional dengan membawa anak ke posyandu atau puskesmas terdekat. Imunisasi aman, efektif, dan gratis.

Vaksin DPT-HB-Hib melindungi dari difteri, pertusis, tetanus, hepatitis B, dan Hib. Pastikan anak mendapatkan imunisasi lengkap sesuai jadwal untuk kekebalan optimal. Imunisasi merupakan hak anak dan kewajiban orang tua untuk melindungi generasi masa depan.

Vaksin MR melindungi dari campak (measles) dan rubella yang dapat menyebabkan kecacatan bawaan. Vaksin polio mencegah kelumpuhan akibat virus polio yang menyerang sistem saraf. Vaksin BCG diberikan untuk mencegah tuberkulosis berat pada anak.",Penyakit,Ditolak,207616,223490,,2026-03-30 19:42:57,2026-03-30 19:42:57
94,Pemberian ASI Eksklusif (Bagian 4),"ASI eksklusif diberikan selama 6 bulan pertama tanpa cairan atau makanan pendamping. ASI mengandung antibodi, enzim, dan hormon yang melindungi bayi dari infeksi dan alergi. Inisiasi Menyusu Dini (IMD) dilakukan segera setelah bayi lahir untuk meningkatkan produksi ASI.

Jika ibu bekerja, ASI dapat diperah dan disimpan dalam wadah bersih. ASI perah dapat bertahan 6-8 jam pada suhu ruang, 3-5 hari di kulkas, dan 6 bulan di freezer. Berikan ASI dengan sendok atau cangkir, bukan dot, untuk mencegah bingung puting.

Ibu menyusui perlu makan bergizi, istirahat cukup, dan menghindari stres. Dukungan keluarga sangat penting untuk keberhasilan ASI eksklusif. Bayi yang diberi ASI eksklusif memiliki sistem kekebalan lebih baik dan risiko kematian lebih rendah.",Imunisasi,Ditolak,223115,216351,,2026-04-20 22:10:24,2026-04-20 22:10:24
95,Pencegahan Stunting Sejak Dini (Bagian 4),"Stunting dapat dicegah dengan intervensi gizi spesifik dan sensitif. Intervensi spesifik meliputi suplementasi zat besi pada ibu hamil dan imunisasi. Intervensi sensitif meliputi penyediaan air bersih, sanitasi, dan jaminan sosial. Mari bersama-sama wujudkan generasi bebas stunting.

Pemantauan pertumbuhan di posyandu setiap bulan sangat penting untuk deteksi dini stunting. Ibu hamil perlu mengonsumsi tablet tambah darah dan makanan berprotein tinggi seperti telur, ikan, dan daging. Sanitasi yang buruk juga berkontribusi terhadap stunting, jadi jaga kebersihan lingkungan.

Stunting adalah kondisi gagal tumbuh pada anak akibat kekurangan gizi kronis dalam 1000 hari pertama kehidupan. Anak stunting memiliki tinggi badan di bawah standar usianya. Pencegahan stunting dimulai sejak masa kehamilan dengan asupan gizi yang cukup, pemberian ASI eksklusif 6 bulan, MPASI bergizi, dan imunisasi lengkap.",Tumbuh Kembang,Ditolak,217192,234949,,2025-11-12 00:42:28,2025-11-12 00:42:28
96,Tumbuh Kembang Anak Normal (Bagian 4),"Pada usia 0-3 bulan, bayi sudah bisa mengangkat kepala. Usia 4-6 bulan, bayi mulai tengkurap dan meraih mainan. Usia 7-9 bulan, bayi duduk sendiri dan merangkak. Usia 10-12 bulan, bayi berdiri dengan pegangan dan mulai berjalan. Orang tua perlu waspada jika ada tanda keterlambatan.

Konsultasikan ke tenaga kesehatan jika anak belum bisa tengkurap di usia 4 bulan, belum merangkak di usia 9 bulan, atau belum berjalan di usia 18 bulan. Stimulasi yang teratur dan kasih sayang orang tua sangat penting untuk perkembangan optimal anak.

Perkembangan anak meliputi aspek motorik kasar, motorik halus, bahasa, dan personal-sosial. Setiap anak memiliki kecepatan tumbuh kembang yang berbeda, namun ada tolok ukur umum sesuai usia. Stimulasi dini dapat dilakukan dengan mengajak bermain, berbicara, membaca, dan bernyanyi.",Gizi,Draft,211109,,,2026-01-10 05:57:43,2026-01-10 05:57:43
97,Manfaat Posyandu untuk Balita (Bagian 4),"Jadwal imunisasi yang teratur akan melindungi anak dari berbagai penyakit infeksi. Kekebalan kelompok (herd immunity) tercapai jika minimal 95% anak telah diimunisasi. Oleh karena itu, partisipasi aktif orang tua sangat diperlukan. Jangan ragu untuk berkonsultasi dengan bidan atau dokter anak tentang jadwal imunisasi.

Imunisasi adalah upaya pemberian vaksin untuk membentuk kekebalan tubuh terhadap penyakit tertentu. Di Indonesia, program imunisasi dasar lengkap meliputi HB-0, BCG, Polio, DPT-HB-Hib, dan MR. Imunisasi sangat penting untuk mencegah penyakit berbahaya seperti campak, polio, dan tuberkulosis. Pastikan anak Anda mendapatkan imunisasi sesuai jadwal yang telah ditentukan.

Efek samping imunisasi umumnya ringan seperti demam ringan atau bengkak di bekas suntikan. Hal ini normal dan akan hilang dalam 1-2 hari. Berikan ASI lebih sering atau kompres hangat untuk mengurangi rasa tidak nyaman. Segera hubungi tenaga kesehatan jika terjadi reaksi berat.",Tumbuh Kembang,Draft,225700,,,2026-05-05 21:35:35,2026-05-05 21:35:35
98,Nutrisi untuk Ibu Menyusui (Bagian 4),"Jadwal imunisasi yang teratur akan melindungi anak dari berbagai penyakit infeksi. Kekebalan kelompok (herd immunity) tercapai jika minimal 95% anak telah diimunisasi. Oleh karena itu, partisipasi aktif orang tua sangat diperlukan. Jangan ragu untuk berkonsultasi dengan bidan atau dokter anak tentang jadwal imunisasi.

Imunisasi adalah upaya pemberian vaksin untuk membentuk kekebalan tubuh terhadap penyakit tertentu. Di Indonesia, program imunisasi dasar lengkap meliputi HB-0, BCG, Polio, DPT-HB-Hib, dan MR. Imunisasi sangat penting untuk mencegah penyakit berbahaya seperti campak, polio, dan tuberkulosis. Pastikan anak Anda mendapatkan imunisasi sesuai jadwal yang telah ditentukan.

Efek samping imunisasi umumnya ringan seperti demam ringan atau bengkak di bekas suntikan. Hal ini normal dan akan hilang dalam 1-2 hari. Berikan ASI lebih sering atau kompres hangat untuk mengurangi rasa tidak nyaman. Segera hubungi tenaga kesehatan jika terjadi reaksi berat.",Gizi,Draft,205722,,,2025-06-16 12:00:39,2025-06-16 12:00:39
99,Pentingnya Imunisasi Booster (Bagian 4),"Jadwal imunisasi yang teratur akan melindungi anak dari berbagai penyakit infeksi. Kekebalan kelompok (herd immunity) tercapai jika minimal 95% anak telah diimunisasi. Oleh karena itu, partisipasi aktif orang tua sangat diperlukan. Jangan ragu untuk berkonsultasi dengan bidan atau dokter anak tentang jadwal imunisasi.

Efek samping imunisasi umumnya ringan seperti demam ringan atau bengkak di bekas suntikan. Hal ini normal dan akan hilang dalam 1-2 hari. Berikan ASI lebih sering atau kompres hangat untuk mengurangi rasa tidak nyaman. Segera hubungi tenaga kesehatan jika terjadi reaksi berat.

Imunisasi adalah upaya pemberian vaksin untuk membentuk kekebalan tubuh terhadap penyakit tertentu. Di Indonesia, program imunisasi dasar lengkap meliputi HB-0, BCG, Polio, DPT-HB-Hib, dan MR. Imunisasi sangat penting untuk mencegah penyakit berbahaya seperti campak, polio, dan tuberkulosis. Pastikan anak Anda mendapatkan imunisasi sesuai jadwal yang telah ditentukan.",Imunisasi,Menunggu Verifikasi,219758,,,2026-03-31 13:28:52,2026-03-31 13:28:52
100,Pencegahan Diare pada Anak (Bagian 5),"Diare adalah buang air besar encer lebih dari 3 kali sehari. Penyebab diare antara lain infeksi virus, bakteri, atau parasit, juga bisa karena alergi makanan. Pencegahan diare: cuci tangan pakai sabun, konsumsi air bersih, dan imunisasi rotavirus.

Jika anak diare, berikan oralit untuk mencegah dehidrasi. Teruskan ASI atau makanan lunak. Jangan memberikan obat diare tanpa resep dokter. Segera bawa ke fasilitas kesehatan jika diare disertai darah, muntah terus, atau sangat lemas.

Menjaga sanitasi lingkungan dan kebersihan makanan adalah kunci mencegah diare. Zinc dapat diberikan selama 10 hari berturut-turut untuk memperpendek durasi diare. Pastikan selalu tersedia air bersih di rumah.",Kehamilan,Diarsipkan,219857,,,2025-09-17 07:45:42,2025-09-17 07:45:42
101,Pentingnya Buku KIA (Bagian 5),"Jadwal imunisasi yang teratur akan melindungi anak dari berbagai penyakit infeksi. Kekebalan kelompok (herd immunity) tercapai jika minimal 95% anak telah diimunisasi. Oleh karena itu, partisipasi aktif orang tua sangat diperlukan. Jangan ragu untuk berkonsultasi dengan bidan atau dokter anak tentang jadwal imunisasi.

Efek samping imunisasi umumnya ringan seperti demam ringan atau bengkak di bekas suntikan. Hal ini normal dan akan hilang dalam 1-2 hari. Berikan ASI lebih sering atau kompres hangat untuk mengurangi rasa tidak nyaman. Segera hubungi tenaga kesehatan jika terjadi reaksi berat.

Imunisasi adalah upaya pemberian vaksin untuk membentuk kekebalan tubuh terhadap penyakit tertentu. Di Indonesia, program imunisasi dasar lengkap meliputi HB-0, BCG, Polio, DPT-HB-Hib, dan MR. Imunisasi sangat penting untuk mencegah penyakit berbahaya seperti campak, polio, dan tuberkulosis. Pastikan anak Anda mendapatkan imunisasi sesuai jadwal yang telah ditentukan.",Kehamilan,Menunggu Verifikasi,211145,,,2025-11-14 08:20:57,2025-11-14 08:20:57
102,Persiapan Persalinan Sehat (Bagian 5),"Jadwal imunisasi yang teratur akan melindungi anak dari berbagai penyakit infeksi. Kekebalan kelompok (herd immunity) tercapai jika minimal 95% anak telah diimunisasi. Oleh karena itu, partisipasi aktif orang tua sangat diperlukan. Jangan ragu untuk berkonsultasi dengan bidan atau dokter anak tentang jadwal imunisasi.

Efek samping imunisasi umumnya ringan seperti demam ringan atau bengkak di bekas suntikan. Hal ini normal dan akan hilang dalam 1-2 hari. Berikan ASI lebih sering atau kompres hangat untuk mengurangi rasa tidak nyaman. Segera hubungi tenaga kesehatan jika terjadi reaksi berat.

Imunisasi adalah upaya pemberian vaksin untuk membentuk kekebalan tubuh terhadap penyakit tertentu. Di Indonesia, program imunisasi dasar lengkap meliputi HB-0, BCG, Polio, DPT-HB-Hib, dan MR. Imunisasi sangat penting untuk mencegah penyakit berbahaya seperti campak, polio, dan tuberkulosis. Pastikan anak Anda mendapatkan imunisasi sesuai jadwal yang telah ditentukan.",Tumbuh Kembang,Menunggu Verifikasi,248397,,,2025-07-04 09:28:17,2025-07-04 09:28:17
103,Manfaat Posyandu untuk Balita (Bagian 5),"Imunisasi adalah upaya pemberian vaksin untuk membentuk kekebalan tubuh terhadap penyakit tertentu. Di Indonesia, program imunisasi dasar lengkap meliputi HB-0, BCG, Polio, DPT-HB-Hib, dan MR. Imunisasi sangat penting untuk mencegah penyakit berbahaya seperti campak, polio, dan tuberkulosis. Pastikan anak Anda mendapatkan imunisasi sesuai jadwal yang telah ditentukan.

Efek samping imunisasi umumnya ringan seperti demam ringan atau bengkak di bekas suntikan. Hal ini normal dan akan hilang dalam 1-2 hari. Berikan ASI lebih sering atau kompres hangat untuk mengurangi rasa tidak nyaman. Segera hubungi tenaga kesehatan jika terjadi reaksi berat.

Jadwal imunisasi yang teratur akan melindungi anak dari berbagai penyakit infeksi. Kekebalan kelompok (herd immunity) tercapai jika minimal 95% anak telah diimunisasi. Oleh karena itu, partisipasi aktif orang tua sangat diperlukan. Jangan ragu untuk berkonsultasi dengan bidan atau dokter anak tentang jadwal imunisasi.",Imunisasi,Diarsipkan,200254,,,2025-06-19 10:15:29,2025-06-19 10:15:29
104,Manfaat Posyandu untuk Balita (Bagian 5),"Efek samping imunisasi umumnya ringan seperti demam ringan atau bengkak di bekas suntikan. Hal ini normal dan akan hilang dalam 1-2 hari. Berikan ASI lebih sering atau kompres hangat untuk mengurangi rasa tidak nyaman. Segera hubungi tenaga kesehatan jika terjadi reaksi berat.

Imunisasi adalah upaya pemberian vaksin untuk membentuk kekebalan tubuh terhadap penyakit tertentu. Di Indonesia, program imunisasi dasar lengkap meliputi HB-0, BCG, Polio, DPT-HB-Hib, dan MR. Imunisasi sangat penting untuk mencegah penyakit berbahaya seperti campak, polio, dan tuberkulosis. Pastikan anak Anda mendapatkan imunisasi sesuai jadwal yang telah ditentukan.

Jadwal imunisasi yang teratur akan melindungi anak dari berbagai penyakit infeksi. Kekebalan kelompok (herd immunity) tercapai jika minimal 95% anak telah diimunisasi. Oleh karena itu, partisipasi aktif orang tua sangat diperlukan. Jangan ragu untuk berkonsultasi dengan bidan atau dokter anak tentang jadwal imunisasi.",Gizi,Menunggu Verifikasi,224596,,,2025-12-27 10:41:39,2025-12-27 10:41:39
105,Tumbuh Kembang Anak Normal (Bagian 5),"Konsultasikan ke tenaga kesehatan jika anak belum bisa tengkurap di usia 4 bulan, belum merangkak di usia 9 bulan, atau belum berjalan di usia 18 bulan. Stimulasi yang teratur dan kasih sayang orang tua sangat penting untuk perkembangan optimal anak.

Pada usia 0-3 bulan, bayi sudah bisa mengangkat kepala. Usia 4-6 bulan, bayi mulai tengkurap dan meraih mainan. Usia 7-9 bulan, bayi duduk sendiri dan merangkak. Usia 10-12 bulan, bayi berdiri dengan pegangan dan mulai berjalan. Orang tua perlu waspada jika ada tanda keterlambatan.

Perkembangan anak meliputi aspek motorik kasar, motorik halus, bahasa, dan personal-sosial. Setiap anak memiliki kecepatan tumbuh kembang yang berbeda, namun ada tolok ukur umum sesuai usia. Stimulasi dini dapat dilakukan dengan mengajak bermain, berbicara, membaca, dan bernyanyi.",Penyakit,Draft,236136,,,2026-01-02 19:48:31,2026-01-02 19:48:31
106,Pentingnya Imunisasi Booster (Bagian 5),"Imunisasi adalah upaya pemberian vaksin untuk membentuk kekebalan tubuh terhadap penyakit tertentu. Di Indonesia, program imunisasi dasar lengkap meliputi HB-0, BCG, Polio, DPT-HB-Hib, dan MR. Imunisasi sangat penting untuk mencegah penyakit berbahaya seperti campak, polio, dan tuberkulosis. Pastikan anak Anda mendapatkan imunisasi sesuai jadwal yang telah ditentukan.

Efek samping imunisasi umumnya ringan seperti demam ringan atau bengkak di bekas suntikan. Hal ini normal dan akan hilang dalam 1-2 hari. Berikan ASI lebih sering atau kompres hangat untuk mengurangi rasa tidak nyaman. Segera hubungi tenaga kesehatan jika terjadi reaksi berat.

Jadwal imunisasi yang teratur akan melindungi anak dari berbagai penyakit infeksi. Kekebalan kelompok (herd immunity) tercapai jika minimal 95% anak telah diimunisasi. Oleh karena itu, partisipasi aktif orang tua sangat diperlukan. Jangan ragu untuk berkonsultasi dengan bidan atau dokter anak tentang jadwal imunisasi.",Penyakit,Ditolak,239976,243549,,2025-12-01 07:57:41,2025-12-01 07:57:41
107,Manfaat Imunisasi untuk Anak (Bagian 5),"Jadwal imunisasi yang teratur akan melindungi anak dari berbagai penyakit infeksi. Kekebalan kelompok (herd immunity) tercapai jika minimal 95% anak telah diimunisasi. Oleh karena itu, partisipasi aktif orang tua sangat diperlukan. Jangan ragu untuk berkonsultasi dengan bidan atau dokter anak tentang jadwal imunisasi.

Efek samping imunisasi umumnya ringan seperti demam ringan atau bengkak di bekas suntikan. Hal ini normal dan akan hilang dalam 1-2 hari. Berikan ASI lebih sering atau kompres hangat untuk mengurangi rasa tidak nyaman. Segera hubungi tenaga kesehatan jika terjadi reaksi berat.

Imunisasi adalah upaya pemberian vaksin untuk membentuk kekebalan tubuh terhadap penyakit tertentu. Di Indonesia, program imunisasi dasar lengkap meliputi HB-0, BCG, Polio, DPT-HB-Hib, dan MR. Imunisasi sangat penting untuk mencegah penyakit berbahaya seperti campak, polio, dan tuberkulosis. Pastikan anak Anda mendapatkan imunisasi sesuai jadwal yang telah ditentukan.",Imunisasi,Draft,211907,,,2026-03-07 09:31:02,2026-03-07 09:31:02
108,Jadwal Imunisasi Lengkap (Bagian 5),"Efek samping imunisasi umumnya ringan seperti demam ringan atau bengkak di bekas suntikan. Hal ini normal dan akan hilang dalam 1-2 hari. Berikan ASI lebih sering atau kompres hangat untuk mengurangi rasa tidak nyaman. Segera hubungi tenaga kesehatan jika terjadi reaksi berat.

Imunisasi adalah upaya pemberian vaksin untuk membentuk kekebalan tubuh terhadap penyakit tertentu. Di Indonesia, program imunisasi dasar lengkap meliputi HB-0, BCG, Polio, DPT-HB-Hib, dan MR. Imunisasi sangat penting untuk mencegah penyakit berbahaya seperti campak, polio, dan tuberkulosis. Pastikan anak Anda mendapatkan imunisasi sesuai jadwal yang telah ditentukan.

Jadwal imunisasi yang teratur akan melindungi anak dari berbagai penyakit infeksi. Kekebalan kelompok (herd immunity) tercapai jika minimal 95% anak telah diimunisasi. Oleh karena itu, partisipasi aktif orang tua sangat diperlukan. Jangan ragu untuk berkonsultasi dengan bidan atau dokter anak tentang jadwal imunisasi.",Kehamilan,Diarsipkan,201437,,,2026-02-17 04:39:01,2026-02-17 04:39:01
109,Bahaya Campak dan Rubella (Bagian 5),"Imunisasi adalah upaya pemberian vaksin untuk membentuk kekebalan tubuh terhadap penyakit tertentu. Di Indonesia, program imunisasi dasar lengkap meliputi HB-0, BCG, Polio, DPT-HB-Hib, dan MR. Imunisasi sangat penting untuk mencegah penyakit berbahaya seperti campak, polio, dan tuberkulosis. Pastikan anak Anda mendapatkan imunisasi sesuai jadwal yang telah ditentukan.

Jadwal imunisasi yang teratur akan melindungi anak dari berbagai penyakit infeksi. Kekebalan kelompok (herd immunity) tercapai jika minimal 95% anak telah diimunisasi. Oleh karena itu, partisipasi aktif orang tua sangat diperlukan. Jangan ragu untuk berkonsultasi dengan bidan atau dokter anak tentang jadwal imunisasi.

Efek samping imunisasi umumnya ringan seperti demam ringan atau bengkak di bekas suntikan. Hal ini normal dan akan hilang dalam 1-2 hari. Berikan ASI lebih sering atau kompres hangat untuk mengurangi rasa tidak nyaman. Segera hubungi tenaga kesehatan jika terjadi reaksi berat.",Tumbuh Kembang,Diarsipkan,237597,,,2026-05-25 05:26:52,2026-05-25 05:26:52
110,Pencegahan Stunting Sejak Dini (Bagian 5),"Stunting adalah kondisi gagal tumbuh pada anak akibat kekurangan gizi kronis dalam 1000 hari pertama kehidupan. Anak stunting memiliki tinggi badan di bawah standar usianya. Pencegahan stunting dimulai sejak masa kehamilan dengan asupan gizi yang cukup, pemberian ASI eksklusif 6 bulan, MPASI bergizi, dan imunisasi lengkap.

Pemantauan pertumbuhan di posyandu setiap bulan sangat penting untuk deteksi dini stunting. Ibu hamil perlu mengonsumsi tablet tambah darah dan makanan berprotein tinggi seperti telur, ikan, dan daging. Sanitasi yang buruk juga berkontribusi terhadap stunting, jadi jaga kebersihan lingkungan.

Stunting dapat dicegah dengan intervensi gizi spesifik dan sensitif. Intervensi spesifik meliputi suplementasi zat besi pada ibu hamil dan imunisasi. Intervensi sensitif meliputi penyediaan air bersih, sanitasi, dan jaminan sosial. Mari bersama-sama wujudkan generasi bebas stunting.",Tumbuh Kembang,Draft,219714,,,2026-05-19 21:19:37,2026-05-19 21:19:37
111,Manfaat Imunisasi untuk Anak (Bagian 5),"Imunisasi adalah upaya pemberian vaksin untuk membentuk kekebalan tubuh terhadap penyakit tertentu. Di Indonesia, program imunisasi dasar lengkap meliputi HB-0, BCG, Polio, DPT-HB-Hib, dan MR. Imunisasi sangat penting untuk mencegah penyakit berbahaya seperti campak, polio, dan tuberkulosis. Pastikan anak Anda mendapatkan imunisasi sesuai jadwal yang telah ditentukan.

Jadwal imunisasi yang teratur akan melindungi anak dari berbagai penyakit infeksi. Kekebalan kelompok (herd immunity) tercapai jika minimal 95% anak telah diimunisasi. Oleh karena itu, partisipasi aktif orang tua sangat diperlukan. Jangan ragu untuk berkonsultasi dengan bidan atau dokter anak tentang jadwal imunisasi.

Efek samping imunisasi umumnya ringan seperti demam ringan atau bengkak di bekas suntikan. Hal ini normal dan akan hilang dalam 1-2 hari. Berikan ASI lebih sering atau kompres hangat untuk mengurangi rasa tidak nyaman. Segera hubungi tenaga kesehatan jika terjadi reaksi berat.",Gizi,Menunggu Verifikasi,225841,,,2025-08-07 10:56:36,2025-08-07 10:56:36
112,Perkembangan Motorik Anak Usia 0-2 Tahun (Bagian 5),"Efek samping imunisasi umumnya ringan seperti demam ringan atau bengkak di bekas suntikan. Hal ini normal dan akan hilang dalam 1-2 hari. Berikan ASI lebih sering atau kompres hangat untuk mengurangi rasa tidak nyaman. Segera hubungi tenaga kesehatan jika terjadi reaksi berat.

Imunisasi adalah upaya pemberian vaksin untuk membentuk kekebalan tubuh terhadap penyakit tertentu. Di Indonesia, program imunisasi dasar lengkap meliputi HB-0, BCG, Polio, DPT-HB-Hib, dan MR. Imunisasi sangat penting untuk mencegah penyakit berbahaya seperti campak, polio, dan tuberkulosis. Pastikan anak Anda mendapatkan imunisasi sesuai jadwal yang telah ditentukan.

Jadwal imunisasi yang teratur akan melindungi anak dari berbagai penyakit infeksi. Kekebalan kelompok (herd immunity) tercapai jika minimal 95% anak telah diimunisasi. Oleh karena itu, partisipasi aktif orang tua sangat diperlukan. Jangan ragu untuk berkonsultasi dengan bidan atau dokter anak tentang jadwal imunisasi.",Imunisasi,Dipublikasikan,243144,206135,2025-12-23,2025-12-10 09:26:16,2025-12-10 09:26:16
113,Pentingnya Imunisasi Booster (Bagian 5),"Efek samping imunisasi umumnya ringan seperti demam ringan atau bengkak di bekas suntikan. Hal ini normal dan akan hilang dalam 1-2 hari. Berikan ASI lebih sering atau kompres hangat untuk mengurangi rasa tidak nyaman. Segera hubungi tenaga kesehatan jika terjadi reaksi berat.

Jadwal imunisasi yang teratur akan melindungi anak dari berbagai penyakit infeksi. Kekebalan kelompok (herd immunity) tercapai jika minimal 95% anak telah diimunisasi. Oleh karena itu, partisipasi aktif orang tua sangat diperlukan. Jangan ragu untuk berkonsultasi dengan bidan atau dokter anak tentang jadwal imunisasi.

Imunisasi adalah upaya pemberian vaksin untuk membentuk kekebalan tubuh terhadap penyakit tertentu. Di Indonesia, program imunisasi dasar lengkap meliputi HB-0, BCG, Polio, DPT-HB-Hib, dan MR. Imunisasi sangat penting untuk mencegah penyakit berbahaya seperti campak, polio, dan tuberkulosis. Pastikan anak Anda mendapatkan imunisasi sesuai jadwal yang telah ditentukan.",Tumbuh Kembang,Diarsipkan,211116,,,2026-04-20 13:54:13,2026-04-20 13:54:13
114,Pentingnya Imunisasi Booster (Bagian 5),"Jadwal imunisasi yang teratur akan melindungi anak dari berbagai penyakit infeksi. Kekebalan kelompok (herd immunity) tercapai jika minimal 95% anak telah diimunisasi. Oleh karena itu, partisipasi aktif orang tua sangat diperlukan. Jangan ragu untuk berkonsultasi dengan bidan atau dokter anak tentang jadwal imunisasi.

Imunisasi adalah upaya pemberian vaksin untuk membentuk kekebalan tubuh terhadap penyakit tertentu. Di Indonesia, program imunisasi dasar lengkap meliputi HB-0, BCG, Polio, DPT-HB-Hib, dan MR. Imunisasi sangat penting untuk mencegah penyakit berbahaya seperti campak, polio, dan tuberkulosis. Pastikan anak Anda mendapatkan imunisasi sesuai jadwal yang telah ditentukan.

Efek samping imunisasi umumnya ringan seperti demam ringan atau bengkak di bekas suntikan. Hal ini normal dan akan hilang dalam 1-2 hari. Berikan ASI lebih sering atau kompres hangat untuk mengurangi rasa tidak nyaman. Segera hubungi tenaga kesehatan jika terjadi reaksi berat.",Tumbuh Kembang,Ditolak,216795,247893,,2026-03-14 19:56:02,2026-03-14 19:56:02
115,Kesehatan Ibu Hamil (Bagian 5),"Efek samping imunisasi umumnya ringan seperti demam ringan atau bengkak di bekas suntikan. Hal ini normal dan akan hilang dalam 1-2 hari. Berikan ASI lebih sering atau kompres hangat untuk mengurangi rasa tidak nyaman. Segera hubungi tenaga kesehatan jika terjadi reaksi berat.

Imunisasi adalah upaya pemberian vaksin untuk membentuk kekebalan tubuh terhadap penyakit tertentu. Di Indonesia, program imunisasi dasar lengkap meliputi HB-0, BCG, Polio, DPT-HB-Hib, dan MR. Imunisasi sangat penting untuk mencegah penyakit berbahaya seperti campak, polio, dan tuberkulosis. Pastikan anak Anda mendapatkan imunisasi sesuai jadwal yang telah ditentukan.

Jadwal imunisasi yang teratur akan melindungi anak dari berbagai penyakit infeksi. Kekebalan kelompok (herd immunity) tercapai jika minimal 95% anak telah diimunisasi. Oleh karena itu, partisipasi aktif orang tua sangat diperlukan. Jangan ragu untuk berkonsultasi dengan bidan atau dokter anak tentang jadwal imunisasi.",Tumbuh Kembang,Diarsipkan,226075,,,2025-10-17 05:16:36,2025-10-17 05:16:36
116,Pemberian ASI Eksklusif (Bagian 5),"Ibu menyusui perlu makan bergizi, istirahat cukup, dan menghindari stres. Dukungan keluarga sangat penting untuk keberhasilan ASI eksklusif. Bayi yang diberi ASI eksklusif memiliki sistem kekebalan lebih baik dan risiko kematian lebih rendah.

Jika ibu bekerja, ASI dapat diperah dan disimpan dalam wadah bersih. ASI perah dapat bertahan 6-8 jam pada suhu ruang, 3-5 hari di kulkas, dan 6 bulan di freezer. Berikan ASI dengan sendok atau cangkir, bukan dot, untuk mencegah bingung puting.

ASI eksklusif diberikan selama 6 bulan pertama tanpa cairan atau makanan pendamping. ASI mengandung antibodi, enzim, dan hormon yang melindungi bayi dari infeksi dan alergi. Inisiasi Menyusu Dini (IMD) dilakukan segera setelah bayi lahir untuk meningkatkan produksi ASI.",Imunisasi,Draft,214864,,,2025-10-03 03:30:02,2025-10-03 03:30:02
117,Perkembangan Motorik Anak Usia 0-2 Tahun (Bagian 5),"Jadwal imunisasi yang teratur akan melindungi anak dari berbagai penyakit infeksi. Kekebalan kelompok (herd immunity) tercapai jika minimal 95% anak telah diimunisasi. Oleh karena itu, partisipasi aktif orang tua sangat diperlukan. Jangan ragu untuk berkonsultasi dengan bidan atau dokter anak tentang jadwal imunisasi.

Efek samping imunisasi umumnya ringan seperti demam ringan atau bengkak di bekas suntikan. Hal ini normal dan akan hilang dalam 1-2 hari. Berikan ASI lebih sering atau kompres hangat untuk mengurangi rasa tidak nyaman. Segera hubungi tenaga kesehatan jika terjadi reaksi berat.

Imunisasi adalah upaya pemberian vaksin untuk membentuk kekebalan tubuh terhadap penyakit tertentu. Di Indonesia, program imunisasi dasar lengkap meliputi HB-0, BCG, Polio, DPT-HB-Hib, dan MR. Imunisasi sangat penting untuk mencegah penyakit berbahaya seperti campak, polio, dan tuberkulosis. Pastikan anak Anda mendapatkan imunisasi sesuai jadwal yang telah ditentukan.",Imunisasi,Ditolak,249115,202365,,2025-08-09 02:08:49,2025-08-09 02:08:49
118,Pemberian ASI Eksklusif (Bagian 5),"Ibu menyusui perlu makan bergizi, istirahat cukup, dan menghindari stres. Dukungan keluarga sangat penting untuk keberhasilan ASI eksklusif. Bayi yang diberi ASI eksklusif memiliki sistem kekebalan lebih baik dan risiko kematian lebih rendah.

Jika ibu bekerja, ASI dapat diperah dan disimpan dalam wadah bersih. ASI perah dapat bertahan 6-8 jam pada suhu ruang, 3-5 hari di kulkas, dan 6 bulan di freezer. Berikan ASI dengan sendok atau cangkir, bukan dot, untuk mencegah bingung puting.

ASI eksklusif diberikan selama 6 bulan pertama tanpa cairan atau makanan pendamping. ASI mengandung antibodi, enzim, dan hormon yang melindungi bayi dari infeksi dan alergi. Inisiasi Menyusu Dini (IMD) dilakukan segera setelah bayi lahir untuk meningkatkan produksi ASI.",Kehamilan,Dipublikasikan,213446,216351,2025-08-30,2026-01-30 19:37:23,2026-01-30 19:37:23
119,Deteksi Dini TBC pada Anak (Bagian 5),"Pengobatan TBC anak harus tuntas minimal 6 bulan dengan kombinasi obat OAT (Obat Anti Tuberkulosis). Putus obat dapat menyebabkan resistensi dan kambuh. Orang tua harus memastikan anak minum obat secara teratur.

Tuberkulosis (TBC) pada anak dapat dicegah dengan vaksin BCG yang diberikan segera setelah lahir. Gejala TBC anak: batuk lebih dari 3 minggu, berat badan tidak naik, demam berkepanjangan, keringat malam tanpa aktivitas berat.

Kontak erat dengan penderita TBC dewasa meningkatkan risiko penularan pada anak. Lingkungan rumah dengan ventilasi dan sinar matahari cukup membantu mencegah penularan. Segera periksa jika ada kontak dengan penderita TBC.",Kehamilan,Menunggu Verifikasi,201987,,,2026-05-14 18:46:03,2026-05-14 18:46:03
120,Mengenal Tanda Bahaya Kehamilan (Bagian 6),"Ibu hamil dianjurkan mengonsumsi 90 tablet tambah darah selama kehamilan untuk mencegah anemia. Konsumsi makanan bergizi seimbang, istirahat cukup, dan lakukan aktivitas fisik ringan seperti jalan kaki. Persalinan sebaiknya ditolong oleh tenaga kesehatan terlatih di fasilitas kesehatan.

Pemeriksaan kehamilan rutin minimal 6 kali selama masa kehamilan. Trimester pertama (1-3 bulan) periksa untuk konfirmasi kehamilan dan deteksi risiko awal. Trimester kedua (4-6 bulan) periksa untuk memantau pertumbuhan janin dan deteksi kelainan. Trimester ketiga (7-9 bulan) periksa untuk persiapan persalinan.

Tanda bahaya kehamilan yang harus diwaspadai: pendarahan melalui jalan lahir, sakit kepala hebat, pandangan kabur, bengkak di wajah dan tangan, demam tinggi, serta gerakan janin berkurang. Segera ke fasilitas kesehatan jika mengalami tanda-tanda tersebut.",Imunisasi,Menunggu Verifikasi,233811,,,2025-09-21 19:48:40,2025-09-21 19:48:40
121,Bahaya Campak dan Rubella (Bagian 6),"Efek samping imunisasi umumnya ringan seperti demam ringan atau bengkak di bekas suntikan. Hal ini normal dan akan hilang dalam 1-2 hari. Berikan ASI lebih sering atau kompres hangat untuk mengurangi rasa tidak nyaman. Segera hubungi tenaga kesehatan jika terjadi reaksi berat.

Imunisasi adalah upaya pemberian vaksin untuk membentuk kekebalan tubuh terhadap penyakit tertentu. Di Indonesia, program imunisasi dasar lengkap meliputi HB-0, BCG, Polio, DPT-HB-Hib, dan MR. Imunisasi sangat penting untuk mencegah penyakit berbahaya seperti campak, polio, dan tuberkulosis. Pastikan anak Anda mendapatkan imunisasi sesuai jadwal yang telah ditentukan.

Jadwal imunisasi yang teratur akan melindungi anak dari berbagai penyakit infeksi. Kekebalan kelompok (herd immunity) tercapai jika minimal 95% anak telah diimunisasi. Oleh karena itu, partisipasi aktif orang tua sangat diperlukan. Jangan ragu untuk berkonsultasi dengan bidan atau dokter anak tentang jadwal imunisasi.",Gizi,Draft,207617,,,2026-02-20 21:34:02,2026-02-20 21:34:02
122,Gizi Seimbang untuk Balita (Bagian 6),"Menu makanan balita harus mengandung sumber energi (nasi, roti, ubi), sumber pembangun (ikan, telur, daging, tahu, tempe), dan sumber pengatur (sayur, buah). Kekurangan zat besi dapat menyebabkan anemia dan mengganggu perkembangan kognitif anak. Berikan hati ayam, bayam, atau kacang-kacangan.

Pola makan yang baik akan mendukung pertumbuhan dan perkembangan optimal. Hindari makanan tinggi gula dan lemak jenuh. Biasakan anak makan sayur dan buah setiap hari. Libatkan anak dalam menyiapkan makanan agar mereka lebih tertarik untuk mencoba.

Gizi seimbang berarti konsumsi makanan beragam dalam jumlah cukup sesuai kebutuhan tubuh. Prinsip gizi seimbang: makan makanan dengan komposisi karbohidrat, protein, lemak sehat, vitamin, mineral, dan air. Anak balita membutuhkan energi lebih besar per kilogram berat badan dibanding orang dewasa.",Gizi,Ditolak,226379,202365,,2026-04-10 10:55:42,2026-04-10 10:55:42
123,Manfaat Imunisasi untuk Anak (Bagian 6),"Imunisasi adalah upaya pemberian vaksin untuk membentuk kekebalan tubuh terhadap penyakit tertentu. Di Indonesia, program imunisasi dasar lengkap meliputi HB-0, BCG, Polio, DPT-HB-Hib, dan MR. Imunisasi sangat penting untuk mencegah penyakit berbahaya seperti campak, polio, dan tuberkulosis. Pastikan anak Anda mendapatkan imunisasi sesuai jadwal yang telah ditentukan.

Efek samping imunisasi umumnya ringan seperti demam ringan atau bengkak di bekas suntikan. Hal ini normal dan akan hilang dalam 1-2 hari. Berikan ASI lebih sering atau kompres hangat untuk mengurangi rasa tidak nyaman. Segera hubungi tenaga kesehatan jika terjadi reaksi berat.

Jadwal imunisasi yang teratur akan melindungi anak dari berbagai penyakit infeksi. Kekebalan kelompok (herd immunity) tercapai jika minimal 95% anak telah diimunisasi. Oleh karena itu, partisipasi aktif orang tua sangat diperlukan. Jangan ragu untuk berkonsultasi dengan bidan atau dokter anak tentang jadwal imunisasi.",Gizi,Draft,243725,,,2025-09-09 10:01:41,2025-09-09 10:01:41
124,Perkembangan Motorik Anak Usia 0-2 Tahun (Bagian 6),"Jadwal imunisasi yang teratur akan melindungi anak dari berbagai penyakit infeksi. Kekebalan kelompok (herd immunity) tercapai jika minimal 95% anak telah diimunisasi. Oleh karena itu, partisipasi aktif orang tua sangat diperlukan. Jangan ragu untuk berkonsultasi dengan bidan atau dokter anak tentang jadwal imunisasi.

Imunisasi adalah upaya pemberian vaksin untuk membentuk kekebalan tubuh terhadap penyakit tertentu. Di Indonesia, program imunisasi dasar lengkap meliputi HB-0, BCG, Polio, DPT-HB-Hib, dan MR. Imunisasi sangat penting untuk mencegah penyakit berbahaya seperti campak, polio, dan tuberkulosis. Pastikan anak Anda mendapatkan imunisasi sesuai jadwal yang telah ditentukan.

Efek samping imunisasi umumnya ringan seperti demam ringan atau bengkak di bekas suntikan. Hal ini normal dan akan hilang dalam 1-2 hari. Berikan ASI lebih sering atau kompres hangat untuk mengurangi rasa tidak nyaman. Segera hubungi tenaga kesehatan jika terjadi reaksi berat.",Imunisasi,Dipublikasikan,219132,247893,2025-08-23,2025-10-06 17:18:19,2025-10-06 17:18:19
125,Pencegahan Diare pada Anak (Bagian 6),"Menjaga sanitasi lingkungan dan kebersihan makanan adalah kunci mencegah diare. Zinc dapat diberikan selama 10 hari berturut-turut untuk memperpendek durasi diare. Pastikan selalu tersedia air bersih di rumah.

Diare adalah buang air besar encer lebih dari 3 kali sehari. Penyebab diare antara lain infeksi virus, bakteri, atau parasit, juga bisa karena alergi makanan. Pencegahan diare: cuci tangan pakai sabun, konsumsi air bersih, dan imunisasi rotavirus.

Jika anak diare, berikan oralit untuk mencegah dehidrasi. Teruskan ASI atau makanan lunak. Jangan memberikan obat diare tanpa resep dokter. Segera bawa ke fasilitas kesehatan jika diare disertai darah, muntah terus, atau sangat lemas.",Tumbuh Kembang,Draft,231874,,,2026-03-12 19:07:15,2026-03-12 19:07:15
126,Pencegahan Diare pada Anak (Bagian 6),"Menjaga sanitasi lingkungan dan kebersihan makanan adalah kunci mencegah diare. Zinc dapat diberikan selama 10 hari berturut-turut untuk memperpendek durasi diare. Pastikan selalu tersedia air bersih di rumah.

Diare adalah buang air besar encer lebih dari 3 kali sehari. Penyebab diare antara lain infeksi virus, bakteri, atau parasit, juga bisa karena alergi makanan. Pencegahan diare: cuci tangan pakai sabun, konsumsi air bersih, dan imunisasi rotavirus.

Jika anak diare, berikan oralit untuk mencegah dehidrasi. Teruskan ASI atau makanan lunak. Jangan memberikan obat diare tanpa resep dokter. Segera bawa ke fasilitas kesehatan jika diare disertai darah, muntah terus, atau sangat lemas.",Kehamilan,Draft,200432,,,2026-03-21 15:09:07,2026-03-21 15:09:07
127,Nutrisi untuk Ibu Menyusui (Bagian 6),"Imunisasi adalah upaya pemberian vaksin untuk membentuk kekebalan tubuh terhadap penyakit tertentu. Di Indonesia, program imunisasi dasar lengkap meliputi HB-0, BCG, Polio, DPT-HB-Hib, dan MR. Imunisasi sangat penting untuk mencegah penyakit berbahaya seperti campak, polio, dan tuberkulosis. Pastikan anak Anda mendapatkan imunisasi sesuai jadwal yang telah ditentukan.

Efek samping imunisasi umumnya ringan seperti demam ringan atau bengkak di bekas suntikan. Hal ini normal dan akan hilang dalam 1-2 hari. Berikan ASI lebih sering atau kompres hangat untuk mengurangi rasa tidak nyaman. Segera hubungi tenaga kesehatan jika terjadi reaksi berat.

Jadwal imunisasi yang teratur akan melindungi anak dari berbagai penyakit infeksi. Kekebalan kelompok (herd immunity) tercapai jika minimal 95% anak telah diimunisasi. Oleh karena itu, partisipasi aktif orang tua sangat diperlukan. Jangan ragu untuk berkonsultasi dengan bidan atau dokter anak tentang jadwal imunisasi.",Gizi,Diarsipkan,248926,,,2026-01-15 02:49:26,2026-01-15 02:49:26
128,Vaksin MR dan Polio (Bagian 6),"Kekebalan kelompok hanya tercapai jika cakupan imunisasi tinggi. Mari dukung program imunisasi nasional dengan membawa anak ke posyandu atau puskesmas terdekat. Imunisasi aman, efektif, dan gratis.

Vaksin DPT-HB-Hib melindungi dari difteri, pertusis, tetanus, hepatitis B, dan Hib. Pastikan anak mendapatkan imunisasi lengkap sesuai jadwal untuk kekebalan optimal. Imunisasi merupakan hak anak dan kewajiban orang tua untuk melindungi generasi masa depan.

Vaksin MR melindungi dari campak (measles) dan rubella yang dapat menyebabkan kecacatan bawaan. Vaksin polio mencegah kelumpuhan akibat virus polio yang menyerang sistem saraf. Vaksin BCG diberikan untuk mencegah tuberkulosis berat pada anak.",Gizi,Menunggu Verifikasi,249051,,,2026-01-06 09:46:42,2026-01-06 09:46:42
129,Nutrisi untuk Ibu Menyusui (Bagian 6),"Jadwal imunisasi yang teratur akan melindungi anak dari berbagai penyakit infeksi. Kekebalan kelompok (herd immunity) tercapai jika minimal 95% anak telah diimunisasi. Oleh karena itu, partisipasi aktif orang tua sangat diperlukan. Jangan ragu untuk berkonsultasi dengan bidan atau dokter anak tentang jadwal imunisasi.

Imunisasi adalah upaya pemberian vaksin untuk membentuk kekebalan tubuh terhadap penyakit tertentu. Di Indonesia, program imunisasi dasar lengkap meliputi HB-0, BCG, Polio, DPT-HB-Hib, dan MR. Imunisasi sangat penting untuk mencegah penyakit berbahaya seperti campak, polio, dan tuberkulosis. Pastikan anak Anda mendapatkan imunisasi sesuai jadwal yang telah ditentukan.

Efek samping imunisasi umumnya ringan seperti demam ringan atau bengkak di bekas suntikan. Hal ini normal dan akan hilang dalam 1-2 hari. Berikan ASI lebih sering atau kompres hangat untuk mengurangi rasa tidak nyaman. Segera hubungi tenaga kesehatan jika terjadi reaksi berat.",Imunisasi,Dipublikasikan,205979,202365,2025-12-12,2026-01-23 20:35:16,2026-01-23 20:35:16
130,Kesehatan Ibu Hamil (Bagian 6),"Efek samping imunisasi umumnya ringan seperti demam ringan atau bengkak di bekas suntikan. Hal ini normal dan akan hilang dalam 1-2 hari. Berikan ASI lebih sering atau kompres hangat untuk mengurangi rasa tidak nyaman. Segera hubungi tenaga kesehatan jika terjadi reaksi berat.

Jadwal imunisasi yang teratur akan melindungi anak dari berbagai penyakit infeksi. Kekebalan kelompok (herd immunity) tercapai jika minimal 95% anak telah diimunisasi. Oleh karena itu, partisipasi aktif orang tua sangat diperlukan. Jangan ragu untuk berkonsultasi dengan bidan atau dokter anak tentang jadwal imunisasi.

Imunisasi adalah upaya pemberian vaksin untuk membentuk kekebalan tubuh terhadap penyakit tertentu. Di Indonesia, program imunisasi dasar lengkap meliputi HB-0, BCG, Polio, DPT-HB-Hib, dan MR. Imunisasi sangat penting untuk mencegah penyakit berbahaya seperti campak, polio, dan tuberkulosis. Pastikan anak Anda mendapatkan imunisasi sesuai jadwal yang telah ditentukan.",Gizi,Diarsipkan,234154,,,2026-01-15 23:30:23,2026-01-15 23:30:23
131,Tumbuh Kembang Anak Normal (Bagian 6),"Pada usia 0-3 bulan, bayi sudah bisa mengangkat kepala. Usia 4-6 bulan, bayi mulai tengkurap dan meraih mainan. Usia 7-9 bulan, bayi duduk sendiri dan merangkak. Usia 10-12 bulan, bayi berdiri dengan pegangan dan mulai berjalan. Orang tua perlu waspada jika ada tanda keterlambatan.

Perkembangan anak meliputi aspek motorik kasar, motorik halus, bahasa, dan personal-sosial. Setiap anak memiliki kecepatan tumbuh kembang yang berbeda, namun ada tolok ukur umum sesuai usia. Stimulasi dini dapat dilakukan dengan mengajak bermain, berbicara, membaca, dan bernyanyi.

Konsultasikan ke tenaga kesehatan jika anak belum bisa tengkurap di usia 4 bulan, belum merangkak di usia 9 bulan, atau belum berjalan di usia 18 bulan. Stimulasi yang teratur dan kasih sayang orang tua sangat penting untuk perkembangan optimal anak.",Tumbuh Kembang,Dipublikasikan,202440,223490,2026-04-12,2026-02-24 23:46:02,2026-02-24 23:46:02
132,Pencegahan Diare pada Anak (Bagian 6),"Jika anak diare, berikan oralit untuk mencegah dehidrasi. Teruskan ASI atau makanan lunak. Jangan memberikan obat diare tanpa resep dokter. Segera bawa ke fasilitas kesehatan jika diare disertai darah, muntah terus, atau sangat lemas.

Menjaga sanitasi lingkungan dan kebersihan makanan adalah kunci mencegah diare. Zinc dapat diberikan selama 10 hari berturut-turut untuk memperpendek durasi diare. Pastikan selalu tersedia air bersih di rumah.

Diare adalah buang air besar encer lebih dari 3 kali sehari. Penyebab diare antara lain infeksi virus, bakteri, atau parasit, juga bisa karena alergi makanan. Pencegahan diare: cuci tangan pakai sabun, konsumsi air bersih, dan imunisasi rotavirus.",Penyakit,Draft,232187,,,2026-04-06 05:03:53,2026-04-06 05:03:53
133,Kesehatan Ibu Hamil (Bagian 6),"Jadwal imunisasi yang teratur akan melindungi anak dari berbagai penyakit infeksi. Kekebalan kelompok (herd immunity) tercapai jika minimal 95% anak telah diimunisasi. Oleh karena itu, partisipasi aktif orang tua sangat diperlukan. Jangan ragu untuk berkonsultasi dengan bidan atau dokter anak tentang jadwal imunisasi.

Efek samping imunisasi umumnya ringan seperti demam ringan atau bengkak di bekas suntikan. Hal ini normal dan akan hilang dalam 1-2 hari. Berikan ASI lebih sering atau kompres hangat untuk mengurangi rasa tidak nyaman. Segera hubungi tenaga kesehatan jika terjadi reaksi berat.

Imunisasi adalah upaya pemberian vaksin untuk membentuk kekebalan tubuh terhadap penyakit tertentu. Di Indonesia, program imunisasi dasar lengkap meliputi HB-0, BCG, Polio, DPT-HB-Hib, dan MR. Imunisasi sangat penting untuk mencegah penyakit berbahaya seperti campak, polio, dan tuberkulosis. Pastikan anak Anda mendapatkan imunisasi sesuai jadwal yang telah ditentukan.",Kehamilan,Diarsipkan,234263,,,2026-02-21 04:16:52,2026-02-21 04:16:52
134,Pencegahan Stunting Sejak Dini (Bagian 6),"Pemantauan pertumbuhan di posyandu setiap bulan sangat penting untuk deteksi dini stunting. Ibu hamil perlu mengonsumsi tablet tambah darah dan makanan berprotein tinggi seperti telur, ikan, dan daging. Sanitasi yang buruk juga berkontribusi terhadap stunting, jadi jaga kebersihan lingkungan.

Stunting adalah kondisi gagal tumbuh pada anak akibat kekurangan gizi kronis dalam 1000 hari pertama kehidupan. Anak stunting memiliki tinggi badan di bawah standar usianya. Pencegahan stunting dimulai sejak masa kehamilan dengan asupan gizi yang cukup, pemberian ASI eksklusif 6 bulan, MPASI bergizi, dan imunisasi lengkap.

Stunting dapat dicegah dengan intervensi gizi spesifik dan sensitif. Intervensi spesifik meliputi suplementasi zat besi pada ibu hamil dan imunisasi. Intervensi sensitif meliputi penyediaan air bersih, sanitasi, dan jaminan sosial. Mari bersama-sama wujudkan generasi bebas stunting.",Penyakit,Draft,220387,,,2025-08-06 09:07:15,2025-08-06 09:07:15
135,Bahaya Campak dan Rubella (Bagian 6),"Jadwal imunisasi yang teratur akan melindungi anak dari berbagai penyakit infeksi. Kekebalan kelompok (herd immunity) tercapai jika minimal 95% anak telah diimunisasi. Oleh karena itu, partisipasi aktif orang tua sangat diperlukan. Jangan ragu untuk berkonsultasi dengan bidan atau dokter anak tentang jadwal imunisasi.

Efek samping imunisasi umumnya ringan seperti demam ringan atau bengkak di bekas suntikan. Hal ini normal dan akan hilang dalam 1-2 hari. Berikan ASI lebih sering atau kompres hangat untuk mengurangi rasa tidak nyaman. Segera hubungi tenaga kesehatan jika terjadi reaksi berat.

Imunisasi adalah upaya pemberian vaksin untuk membentuk kekebalan tubuh terhadap penyakit tertentu. Di Indonesia, program imunisasi dasar lengkap meliputi HB-0, BCG, Polio, DPT-HB-Hib, dan MR. Imunisasi sangat penting untuk mencegah penyakit berbahaya seperti campak, polio, dan tuberkulosis. Pastikan anak Anda mendapatkan imunisasi sesuai jadwal yang telah ditentukan.",Penyakit,Diarsipkan,248094,,,2025-08-16 05:11:57,2025-08-16 05:11:57
136,Cara Mengatasi Demam pada Anak (Bagian 6),"Imunisasi adalah upaya pemberian vaksin untuk membentuk kekebalan tubuh terhadap penyakit tertentu. Di Indonesia, program imunisasi dasar lengkap meliputi HB-0, BCG, Polio, DPT-HB-Hib, dan MR. Imunisasi sangat penting untuk mencegah penyakit berbahaya seperti campak, polio, dan tuberkulosis. Pastikan anak Anda mendapatkan imunisasi sesuai jadwal yang telah ditentukan.

Efek samping imunisasi umumnya ringan seperti demam ringan atau bengkak di bekas suntikan. Hal ini normal dan akan hilang dalam 1-2 hari. Berikan ASI lebih sering atau kompres hangat untuk mengurangi rasa tidak nyaman. Segera hubungi tenaga kesehatan jika terjadi reaksi berat.

Jadwal imunisasi yang teratur akan melindungi anak dari berbagai penyakit infeksi. Kekebalan kelompok (herd immunity) tercapai jika minimal 95% anak telah diimunisasi. Oleh karena itu, partisipasi aktif orang tua sangat diperlukan. Jangan ragu untuk berkonsultasi dengan bidan atau dokter anak tentang jadwal imunisasi.",Kehamilan,Ditolak,243515,229645,,2026-05-18 03:32:15,2026-05-18 03:32:15
137,Pentingnya Imunisasi Booster (Bagian 6),"Imunisasi adalah upaya pemberian vaksin untuk membentuk kekebalan tubuh terhadap penyakit tertentu. Di Indonesia, program imunisasi dasar lengkap meliputi HB-0, BCG, Polio, DPT-HB-Hib, dan MR. Imunisasi sangat penting untuk mencegah penyakit berbahaya seperti campak, polio, dan tuberkulosis. Pastikan anak Anda mendapatkan imunisasi sesuai jadwal yang telah ditentukan.

Jadwal imunisasi yang teratur akan melindungi anak dari berbagai penyakit infeksi. Kekebalan kelompok (herd immunity) tercapai jika minimal 95% anak telah diimunisasi. Oleh karena itu, partisipasi aktif orang tua sangat diperlukan. Jangan ragu untuk berkonsultasi dengan bidan atau dokter anak tentang jadwal imunisasi.

Efek samping imunisasi umumnya ringan seperti demam ringan atau bengkak di bekas suntikan. Hal ini normal dan akan hilang dalam 1-2 hari. Berikan ASI lebih sering atau kompres hangat untuk mengurangi rasa tidak nyaman. Segera hubungi tenaga kesehatan jika terjadi reaksi berat.",Penyakit,Diarsipkan,207066,,,2025-12-31 05:10:37,2025-12-31 05:10:37
138,Bahaya Campak dan Rubella (Bagian 6),"Imunisasi adalah upaya pemberian vaksin untuk membentuk kekebalan tubuh terhadap penyakit tertentu. Di Indonesia, program imunisasi dasar lengkap meliputi HB-0, BCG, Polio, DPT-HB-Hib, dan MR. Imunisasi sangat penting untuk mencegah penyakit berbahaya seperti campak, polio, dan tuberkulosis. Pastikan anak Anda mendapatkan imunisasi sesuai jadwal yang telah ditentukan.

Efek samping imunisasi umumnya ringan seperti demam ringan atau bengkak di bekas suntikan. Hal ini normal dan akan hilang dalam 1-2 hari. Berikan ASI lebih sering atau kompres hangat untuk mengurangi rasa tidak nyaman. Segera hubungi tenaga kesehatan jika terjadi reaksi berat.

Jadwal imunisasi yang teratur akan melindungi anak dari berbagai penyakit infeksi. Kekebalan kelompok (herd immunity) tercapai jika minimal 95% anak telah diimunisasi. Oleh karena itu, partisipasi aktif orang tua sangat diperlukan. Jangan ragu untuk berkonsultasi dengan bidan atau dokter anak tentang jadwal imunisasi.",Penyakit,Ditolak,212446,206135,,2026-02-24 06:22:51,2026-02-24 06:22:51
139,Vaksin MR dan Polio (Bagian 6),"Vaksin MR melindungi dari campak (measles) dan rubella yang dapat menyebabkan kecacatan bawaan. Vaksin polio mencegah kelumpuhan akibat virus polio yang menyerang sistem saraf. Vaksin BCG diberikan untuk mencegah tuberkulosis berat pada anak.

Vaksin DPT-HB-Hib melindungi dari difteri, pertusis, tetanus, hepatitis B, dan Hib. Pastikan anak mendapatkan imunisasi lengkap sesuai jadwal untuk kekebalan optimal. Imunisasi merupakan hak anak dan kewajiban orang tua untuk melindungi generasi masa depan.

Kekebalan kelompok hanya tercapai jika cakupan imunisasi tinggi. Mari dukung program imunisasi nasional dengan membawa anak ke posyandu atau puskesmas terdekat. Imunisasi aman, efektif, dan gratis.",Kehamilan,Menunggu Verifikasi,224457,,,2026-01-06 14:20:51,2026-01-06 14:20:51
140,Nutrisi untuk Ibu Menyusui (Bagian 7),"Jadwal imunisasi yang teratur akan melindungi anak dari berbagai penyakit infeksi. Kekebalan kelompok (herd immunity) tercapai jika minimal 95% anak telah diimunisasi. Oleh karena itu, partisipasi aktif orang tua sangat diperlukan. Jangan ragu untuk berkonsultasi dengan bidan atau dokter anak tentang jadwal imunisasi.

Imunisasi adalah upaya pemberian vaksin untuk membentuk kekebalan tubuh terhadap penyakit tertentu. Di Indonesia, program imunisasi dasar lengkap meliputi HB-0, BCG, Polio, DPT-HB-Hib, dan MR. Imunisasi sangat penting untuk mencegah penyakit berbahaya seperti campak, polio, dan tuberkulosis. Pastikan anak Anda mendapatkan imunisasi sesuai jadwal yang telah ditentukan.

Efek samping imunisasi umumnya ringan seperti demam ringan atau bengkak di bekas suntikan. Hal ini normal dan akan hilang dalam 1-2 hari. Berikan ASI lebih sering atau kompres hangat untuk mengurangi rasa tidak nyaman. Segera hubungi tenaga kesehatan jika terjadi reaksi berat.",Kehamilan,Dipublikasikan,242543,229645,2026-05-16,2026-03-10 20:01:51,2026-03-10 20:01:51
141,Persiapan Persalinan Sehat (Bagian 7),"Jadwal imunisasi yang teratur akan melindungi anak dari berbagai penyakit infeksi. Kekebalan kelompok (herd immunity) tercapai jika minimal 95% anak telah diimunisasi. Oleh karena itu, partisipasi aktif orang tua sangat diperlukan. Jangan ragu untuk berkonsultasi dengan bidan atau dokter anak tentang jadwal imunisasi.

Imunisasi adalah upaya pemberian vaksin untuk membentuk kekebalan tubuh terhadap penyakit tertentu. Di Indonesia, program imunisasi dasar lengkap meliputi HB-0, BCG, Polio, DPT-HB-Hib, dan MR. Imunisasi sangat penting untuk mencegah penyakit berbahaya seperti campak, polio, dan tuberkulosis. Pastikan anak Anda mendapatkan imunisasi sesuai jadwal yang telah ditentukan.

Efek samping imunisasi umumnya ringan seperti demam ringan atau bengkak di bekas suntikan. Hal ini normal dan akan hilang dalam 1-2 hari. Berikan ASI lebih sering atau kompres hangat untuk mengurangi rasa tidak nyaman. Segera hubungi tenaga kesehatan jika terjadi reaksi berat.",Gizi,Diarsipkan,222261,,,2025-09-20 12:33:33,2025-09-20 12:33:33
142,Persiapan Persalinan Sehat (Bagian 7),"Efek samping imunisasi umumnya ringan seperti demam ringan atau bengkak di bekas suntikan. Hal ini normal dan akan hilang dalam 1-2 hari. Berikan ASI lebih sering atau kompres hangat untuk mengurangi rasa tidak nyaman. Segera hubungi tenaga kesehatan jika terjadi reaksi berat.

Imunisasi adalah upaya pemberian vaksin untuk membentuk kekebalan tubuh terhadap penyakit tertentu. Di Indonesia, program imunisasi dasar lengkap meliputi HB-0, BCG, Polio, DPT-HB-Hib, dan MR. Imunisasi sangat penting untuk mencegah penyakit berbahaya seperti campak, polio, dan tuberkulosis. Pastikan anak Anda mendapatkan imunisasi sesuai jadwal yang telah ditentukan.

Jadwal imunisasi yang teratur akan melindungi anak dari berbagai penyakit infeksi. Kekebalan kelompok (herd immunity) tercapai jika minimal 95% anak telah diimunisasi. Oleh karena itu, partisipasi aktif orang tua sangat diperlukan. Jangan ragu untuk berkonsultasi dengan bidan atau dokter anak tentang jadwal imunisasi.",Penyakit,Ditolak,214582,229645,,2025-11-26 02:49:39,2025-11-26 02:49:39
143,Kesehatan Ibu Hamil (Bagian 7),"Imunisasi adalah upaya pemberian vaksin untuk membentuk kekebalan tubuh terhadap penyakit tertentu. Di Indonesia, program imunisasi dasar lengkap meliputi HB-0, BCG, Polio, DPT-HB-Hib, dan MR. Imunisasi sangat penting untuk mencegah penyakit berbahaya seperti campak, polio, dan tuberkulosis. Pastikan anak Anda mendapatkan imunisasi sesuai jadwal yang telah ditentukan.

Efek samping imunisasi umumnya ringan seperti demam ringan atau bengkak di bekas suntikan. Hal ini normal dan akan hilang dalam 1-2 hari. Berikan ASI lebih sering atau kompres hangat untuk mengurangi rasa tidak nyaman. Segera hubungi tenaga kesehatan jika terjadi reaksi berat.

Jadwal imunisasi yang teratur akan melindungi anak dari berbagai penyakit infeksi. Kekebalan kelompok (herd immunity) tercapai jika minimal 95% anak telah diimunisasi. Oleh karena itu, partisipasi aktif orang tua sangat diperlukan. Jangan ragu untuk berkonsultasi dengan bidan atau dokter anak tentang jadwal imunisasi.",Penyakit,Draft,240356,,,2025-12-27 03:58:38,2025-12-27 03:58:38
144,Kesehatan Ibu Hamil (Bagian 7),"Jadwal imunisasi yang teratur akan melindungi anak dari berbagai penyakit infeksi. Kekebalan kelompok (herd immunity) tercapai jika minimal 95% anak telah diimunisasi. Oleh karena itu, partisipasi aktif orang tua sangat diperlukan. Jangan ragu untuk berkonsultasi dengan bidan atau dokter anak tentang jadwal imunisasi.

Imunisasi adalah upaya pemberian vaksin untuk membentuk kekebalan tubuh terhadap penyakit tertentu. Di Indonesia, program imunisasi dasar lengkap meliputi HB-0, BCG, Polio, DPT-HB-Hib, dan MR. Imunisasi sangat penting untuk mencegah penyakit berbahaya seperti campak, polio, dan tuberkulosis. Pastikan anak Anda mendapatkan imunisasi sesuai jadwal yang telah ditentukan.

Efek samping imunisasi umumnya ringan seperti demam ringan atau bengkak di bekas suntikan. Hal ini normal dan akan hilang dalam 1-2 hari. Berikan ASI lebih sering atau kompres hangat untuk mengurangi rasa tidak nyaman. Segera hubungi tenaga kesehatan jika terjadi reaksi berat.",Penyakit,Ditolak,222350,234949,,2025-10-29 09:03:54,2025-10-29 09:03:54
145,Deteksi Dini TBC pada Anak (Bagian 7),"Tuberkulosis (TBC) pada anak dapat dicegah dengan vaksin BCG yang diberikan segera setelah lahir. Gejala TBC anak: batuk lebih dari 3 minggu, berat badan tidak naik, demam berkepanjangan, keringat malam tanpa aktivitas berat.

Kontak erat dengan penderita TBC dewasa meningkatkan risiko penularan pada anak. Lingkungan rumah dengan ventilasi dan sinar matahari cukup membantu mencegah penularan. Segera periksa jika ada kontak dengan penderita TBC.

Pengobatan TBC anak harus tuntas minimal 6 bulan dengan kombinasi obat OAT (Obat Anti Tuberkulosis). Putus obat dapat menyebabkan resistensi dan kambuh. Orang tua harus memastikan anak minum obat secara teratur.",Kehamilan,Diarsipkan,219973,,,2026-03-09 08:53:48,2026-03-09 08:53:48
146,Gizi Seimbang untuk Balita (Bagian 7),"Menu makanan balita harus mengandung sumber energi (nasi, roti, ubi), sumber pembangun (ikan, telur, daging, tahu, tempe), dan sumber pengatur (sayur, buah). Kekurangan zat besi dapat menyebabkan anemia dan mengganggu perkembangan kognitif anak. Berikan hati ayam, bayam, atau kacang-kacangan.

Pola makan yang baik akan mendukung pertumbuhan dan perkembangan optimal. Hindari makanan tinggi gula dan lemak jenuh. Biasakan anak makan sayur dan buah setiap hari. Libatkan anak dalam menyiapkan makanan agar mereka lebih tertarik untuk mencoba.

Gizi seimbang berarti konsumsi makanan beragam dalam jumlah cukup sesuai kebutuhan tubuh. Prinsip gizi seimbang: makan makanan dengan komposisi karbohidrat, protein, lemak sehat, vitamin, mineral, dan air. Anak balita membutuhkan energi lebih besar per kilogram berat badan dibanding orang dewasa.",Penyakit,Ditolak,220144,225811,,2025-12-08 02:03:02,2025-12-08 02:03:02
147,Gizi Seimbang untuk Balita (Bagian 7),"Gizi seimbang berarti konsumsi makanan beragam dalam jumlah cukup sesuai kebutuhan tubuh. Prinsip gizi seimbang: makan makanan dengan komposisi karbohidrat, protein, lemak sehat, vitamin, mineral, dan air. Anak balita membutuhkan energi lebih besar per kilogram berat badan dibanding orang dewasa.

Menu makanan balita harus mengandung sumber energi (nasi, roti, ubi), sumber pembangun (ikan, telur, daging, tahu, tempe), dan sumber pengatur (sayur, buah). Kekurangan zat besi dapat menyebabkan anemia dan mengganggu perkembangan kognitif anak. Berikan hati ayam, bayam, atau kacang-kacangan.

Pola makan yang baik akan mendukung pertumbuhan dan perkembangan optimal. Hindari makanan tinggi gula dan lemak jenuh. Biasakan anak makan sayur dan buah setiap hari. Libatkan anak dalam menyiapkan makanan agar mereka lebih tertarik untuk mencoba.",Kehamilan,Menunggu Verifikasi,223540,,,2025-07-21 13:23:33,2025-07-21 13:23:33
148,Kesehatan Ibu Hamil (Bagian 7),"Imunisasi adalah upaya pemberian vaksin untuk membentuk kekebalan tubuh terhadap penyakit tertentu. Di Indonesia, program imunisasi dasar lengkap meliputi HB-0, BCG, Polio, DPT-HB-Hib, dan MR. Imunisasi sangat penting untuk mencegah penyakit berbahaya seperti campak, polio, dan tuberkulosis. Pastikan anak Anda mendapatkan imunisasi sesuai jadwal yang telah ditentukan.

Efek samping imunisasi umumnya ringan seperti demam ringan atau bengkak di bekas suntikan. Hal ini normal dan akan hilang dalam 1-2 hari. Berikan ASI lebih sering atau kompres hangat untuk mengurangi rasa tidak nyaman. Segera hubungi tenaga kesehatan jika terjadi reaksi berat.

Jadwal imunisasi yang teratur akan melindungi anak dari berbagai penyakit infeksi. Kekebalan kelompok (herd immunity) tercapai jika minimal 95% anak telah diimunisasi. Oleh karena itu, partisipasi aktif orang tua sangat diperlukan. Jangan ragu untuk berkonsultasi dengan bidan atau dokter anak tentang jadwal imunisasi.",Kehamilan,Draft,214486,,,2026-01-08 21:15:52,2026-01-08 21:15:52
149,Gizi Seimbang untuk Balita (Bagian 7),"Menu makanan balita harus mengandung sumber energi (nasi, roti, ubi), sumber pembangun (ikan, telur, daging, tahu, tempe), dan sumber pengatur (sayur, buah). Kekurangan zat besi dapat menyebabkan anemia dan mengganggu perkembangan kognitif anak. Berikan hati ayam, bayam, atau kacang-kacangan.

Gizi seimbang berarti konsumsi makanan beragam dalam jumlah cukup sesuai kebutuhan tubuh. Prinsip gizi seimbang: makan makanan dengan komposisi karbohidrat, protein, lemak sehat, vitamin, mineral, dan air. Anak balita membutuhkan energi lebih besar per kilogram berat badan dibanding orang dewasa.

Pola makan yang baik akan mendukung pertumbuhan dan perkembangan optimal. Hindari makanan tinggi gula dan lemak jenuh. Biasakan anak makan sayur dan buah setiap hari. Libatkan anak dalam menyiapkan makanan agar mereka lebih tertarik untuk mencoba.",Kehamilan,Menunggu Verifikasi,219967,,,2025-08-18 16:07:51,2025-08-18 16:07:51
150,Gizi Seimbang untuk Balita (Bagian 7),"Gizi seimbang berarti konsumsi makanan beragam dalam jumlah cukup sesuai kebutuhan tubuh. Prinsip gizi seimbang: makan makanan dengan komposisi karbohidrat, protein, lemak sehat, vitamin, mineral, dan air. Anak balita membutuhkan energi lebih besar per kilogram berat badan dibanding orang dewasa.

Pola makan yang baik akan mendukung pertumbuhan dan perkembangan optimal. Hindari makanan tinggi gula dan lemak jenuh. Biasakan anak makan sayur dan buah setiap hari. Libatkan anak dalam menyiapkan makanan agar mereka lebih tertarik untuk mencoba.

Menu makanan balita harus mengandung sumber energi (nasi, roti, ubi), sumber pembangun (ikan, telur, daging, tahu, tempe), dan sumber pengatur (sayur, buah). Kekurangan zat besi dapat menyebabkan anemia dan mengganggu perkembangan kognitif anak. Berikan hati ayam, bayam, atau kacang-kacangan.",Gizi,Menunggu Verifikasi,242765,,,2025-08-04 20:37:45,2025-08-04 20:37:45
151,Persiapan Persalinan Sehat (Bagian 7),"Imunisasi adalah upaya pemberian vaksin untuk membentuk kekebalan tubuh terhadap penyakit tertentu. Di Indonesia, program imunisasi dasar lengkap meliputi HB-0, BCG, Polio, DPT-HB-Hib, dan MR. Imunisasi sangat penting untuk mencegah penyakit berbahaya seperti campak, polio, dan tuberkulosis. Pastikan anak Anda mendapatkan imunisasi sesuai jadwal yang telah ditentukan.

Efek samping imunisasi umumnya ringan seperti demam ringan atau bengkak di bekas suntikan. Hal ini normal dan akan hilang dalam 1-2 hari. Berikan ASI lebih sering atau kompres hangat untuk mengurangi rasa tidak nyaman. Segera hubungi tenaga kesehatan jika terjadi reaksi berat.

Jadwal imunisasi yang teratur akan melindungi anak dari berbagai penyakit infeksi. Kekebalan kelompok (herd immunity) tercapai jika minimal 95% anak telah diimunisasi. Oleh karena itu, partisipasi aktif orang tua sangat diperlukan. Jangan ragu untuk berkonsultasi dengan bidan atau dokter anak tentang jadwal imunisasi.",Tumbuh Kembang,Draft,249081,,,2026-05-07 22:01:34,2026-05-07 22:01:34
152,Pencegahan Stunting Sejak Dini (Bagian 7),"Stunting dapat dicegah dengan intervensi gizi spesifik dan sensitif. Intervensi spesifik meliputi suplementasi zat besi pada ibu hamil dan imunisasi. Intervensi sensitif meliputi penyediaan air bersih, sanitasi, dan jaminan sosial. Mari bersama-sama wujudkan generasi bebas stunting.

Pemantauan pertumbuhan di posyandu setiap bulan sangat penting untuk deteksi dini stunting. Ibu hamil perlu mengonsumsi tablet tambah darah dan makanan berprotein tinggi seperti telur, ikan, dan daging. Sanitasi yang buruk juga berkontribusi terhadap stunting, jadi jaga kebersihan lingkungan.

Stunting adalah kondisi gagal tumbuh pada anak akibat kekurangan gizi kronis dalam 1000 hari pertama kehidupan. Anak stunting memiliki tinggi badan di bawah standar usianya. Pencegahan stunting dimulai sejak masa kehamilan dengan asupan gizi yang cukup, pemberian ASI eksklusif 6 bulan, MPASI bergizi, dan imunisasi lengkap.",Penyakit,Diarsipkan,206689,,,2026-05-15 23:20:02,2026-05-15 23:20:02
153,Bahaya Campak dan Rubella (Bagian 7),"Jadwal imunisasi yang teratur akan melindungi anak dari berbagai penyakit infeksi. Kekebalan kelompok (herd immunity) tercapai jika minimal 95% anak telah diimunisasi. Oleh karena itu, partisipasi aktif orang tua sangat diperlukan. Jangan ragu untuk berkonsultasi dengan bidan atau dokter anak tentang jadwal imunisasi.

Imunisasi adalah upaya pemberian vaksin untuk membentuk kekebalan tubuh terhadap penyakit tertentu. Di Indonesia, program imunisasi dasar lengkap meliputi HB-0, BCG, Polio, DPT-HB-Hib, dan MR. Imunisasi sangat penting untuk mencegah penyakit berbahaya seperti campak, polio, dan tuberkulosis. Pastikan anak Anda mendapatkan imunisasi sesuai jadwal yang telah ditentukan.

Efek samping imunisasi umumnya ringan seperti demam ringan atau bengkak di bekas suntikan. Hal ini normal dan akan hilang dalam 1-2 hari. Berikan ASI lebih sering atau kompres hangat untuk mengurangi rasa tidak nyaman. Segera hubungi tenaga kesehatan jika terjadi reaksi berat.",Gizi,Ditolak,217192,229645,,2025-08-22 08:20:41,2025-08-22 08:20:41
154,Pemberian ASI Eksklusif (Bagian 7),"ASI eksklusif diberikan selama 6 bulan pertama tanpa cairan atau makanan pendamping. ASI mengandung antibodi, enzim, dan hormon yang melindungi bayi dari infeksi dan alergi. Inisiasi Menyusu Dini (IMD) dilakukan segera setelah bayi lahir untuk meningkatkan produksi ASI.

Ibu menyusui perlu makan bergizi, istirahat cukup, dan menghindari stres. Dukungan keluarga sangat penting untuk keberhasilan ASI eksklusif. Bayi yang diberi ASI eksklusif memiliki sistem kekebalan lebih baik dan risiko kematian lebih rendah.

Jika ibu bekerja, ASI dapat diperah dan disimpan dalam wadah bersih. ASI perah dapat bertahan 6-8 jam pada suhu ruang, 3-5 hari di kulkas, dan 6 bulan di freezer. Berikan ASI dengan sendok atau cangkir, bukan dot, untuk mencegah bingung puting.",Kehamilan,Draft,210841,,,2026-05-27 08:34:14,2026-05-27 08:34:14
155,Pencegahan Diare pada Anak (Bagian 7),"Menjaga sanitasi lingkungan dan kebersihan makanan adalah kunci mencegah diare. Zinc dapat diberikan selama 10 hari berturut-turut untuk memperpendek durasi diare. Pastikan selalu tersedia air bersih di rumah.

Diare adalah buang air besar encer lebih dari 3 kali sehari. Penyebab diare antara lain infeksi virus, bakteri, atau parasit, juga bisa karena alergi makanan. Pencegahan diare: cuci tangan pakai sabun, konsumsi air bersih, dan imunisasi rotavirus.

Jika anak diare, berikan oralit untuk mencegah dehidrasi. Teruskan ASI atau makanan lunak. Jangan memberikan obat diare tanpa resep dokter. Segera bawa ke fasilitas kesehatan jika diare disertai darah, muntah terus, atau sangat lemas.",Imunisasi,Menunggu Verifikasi,218538,,,2025-07-27 07:54:45,2025-07-27 07:54:45
156,Manfaat Imunisasi untuk Anak (Bagian 7),"Jadwal imunisasi yang teratur akan melindungi anak dari berbagai penyakit infeksi. Kekebalan kelompok (herd immunity) tercapai jika minimal 95% anak telah diimunisasi. Oleh karena itu, partisipasi aktif orang tua sangat diperlukan. Jangan ragu untuk berkonsultasi dengan bidan atau dokter anak tentang jadwal imunisasi.

Imunisasi adalah upaya pemberian vaksin untuk membentuk kekebalan tubuh terhadap penyakit tertentu. Di Indonesia, program imunisasi dasar lengkap meliputi HB-0, BCG, Polio, DPT-HB-Hib, dan MR. Imunisasi sangat penting untuk mencegah penyakit berbahaya seperti campak, polio, dan tuberkulosis. Pastikan anak Anda mendapatkan imunisasi sesuai jadwal yang telah ditentukan.

Efek samping imunisasi umumnya ringan seperti demam ringan atau bengkak di bekas suntikan. Hal ini normal dan akan hilang dalam 1-2 hari. Berikan ASI lebih sering atau kompres hangat untuk mengurangi rasa tidak nyaman. Segera hubungi tenaga kesehatan jika terjadi reaksi berat.",Kehamilan,Diarsipkan,229001,,,2026-03-03 06:11:33,2026-03-03 06:11:33
157,Pentingnya Buku KIA (Bagian 7),"Imunisasi adalah upaya pemberian vaksin untuk membentuk kekebalan tubuh terhadap penyakit tertentu. Di Indonesia, program imunisasi dasar lengkap meliputi HB-0, BCG, Polio, DPT-HB-Hib, dan MR. Imunisasi sangat penting untuk mencegah penyakit berbahaya seperti campak, polio, dan tuberkulosis. Pastikan anak Anda mendapatkan imunisasi sesuai jadwal yang telah ditentukan.

Jadwal imunisasi yang teratur akan melindungi anak dari berbagai penyakit infeksi. Kekebalan kelompok (herd immunity) tercapai jika minimal 95% anak telah diimunisasi. Oleh karena itu, partisipasi aktif orang tua sangat diperlukan. Jangan ragu untuk berkonsultasi dengan bidan atau dokter anak tentang jadwal imunisasi.

Efek samping imunisasi umumnya ringan seperti demam ringan atau bengkak di bekas suntikan. Hal ini normal dan akan hilang dalam 1-2 hari. Berikan ASI lebih sering atau kompres hangat untuk mengurangi rasa tidak nyaman. Segera hubungi tenaga kesehatan jika terjadi reaksi berat.",Penyakit,Ditolak,227656,234949,,2026-01-16 15:41:58,2026-01-16 15:41:58
158,Bahaya Campak dan Rubella (Bagian 7),"Efek samping imunisasi umumnya ringan seperti demam ringan atau bengkak di bekas suntikan. Hal ini normal dan akan hilang dalam 1-2 hari. Berikan ASI lebih sering atau kompres hangat untuk mengurangi rasa tidak nyaman. Segera hubungi tenaga kesehatan jika terjadi reaksi berat.

Jadwal imunisasi yang teratur akan melindungi anak dari berbagai penyakit infeksi. Kekebalan kelompok (herd immunity) tercapai jika minimal 95% anak telah diimunisasi. Oleh karena itu, partisipasi aktif orang tua sangat diperlukan. Jangan ragu untuk berkonsultasi dengan bidan atau dokter anak tentang jadwal imunisasi.

Imunisasi adalah upaya pemberian vaksin untuk membentuk kekebalan tubuh terhadap penyakit tertentu. Di Indonesia, program imunisasi dasar lengkap meliputi HB-0, BCG, Polio, DPT-HB-Hib, dan MR. Imunisasi sangat penting untuk mencegah penyakit berbahaya seperti campak, polio, dan tuberkulosis. Pastikan anak Anda mendapatkan imunisasi sesuai jadwal yang telah ditentukan.",Penyakit,Dipublikasikan,209022,229645,2025-11-10,2025-12-01 19:24:20,2025-12-01 19:24:20
159,Mengenal Tanda Bahaya Kehamilan (Bagian 7),"Tanda bahaya kehamilan yang harus diwaspadai: pendarahan melalui jalan lahir, sakit kepala hebat, pandangan kabur, bengkak di wajah dan tangan, demam tinggi, serta gerakan janin berkurang. Segera ke fasilitas kesehatan jika mengalami tanda-tanda tersebut.

Pemeriksaan kehamilan rutin minimal 6 kali selama masa kehamilan. Trimester pertama (1-3 bulan) periksa untuk konfirmasi kehamilan dan deteksi risiko awal. Trimester kedua (4-6 bulan) periksa untuk memantau pertumbuhan janin dan deteksi kelainan. Trimester ketiga (7-9 bulan) periksa untuk persiapan persalinan.

Ibu hamil dianjurkan mengonsumsi 90 tablet tambah darah selama kehamilan untuk mencegah anemia. Konsumsi makanan bergizi seimbang, istirahat cukup, dan lakukan aktivitas fisik ringan seperti jalan kaki. Persalinan sebaiknya ditolong oleh tenaga kesehatan terlatih di fasilitas kesehatan.",Imunisasi,Dipublikasikan,246648,223490,2026-06-02,2025-09-29 18:54:14,2025-09-29 18:54:14
160,Nutrisi untuk Ibu Menyusui (Bagian 8),"Imunisasi adalah upaya pemberian vaksin untuk membentuk kekebalan tubuh terhadap penyakit tertentu. Di Indonesia, program imunisasi dasar lengkap meliputi HB-0, BCG, Polio, DPT-HB-Hib, dan MR. Imunisasi sangat penting untuk mencegah penyakit berbahaya seperti campak, polio, dan tuberkulosis. Pastikan anak Anda mendapatkan imunisasi sesuai jadwal yang telah ditentukan.

Efek samping imunisasi umumnya ringan seperti demam ringan atau bengkak di bekas suntikan. Hal ini normal dan akan hilang dalam 1-2 hari. Berikan ASI lebih sering atau kompres hangat untuk mengurangi rasa tidak nyaman. Segera hubungi tenaga kesehatan jika terjadi reaksi berat.

Jadwal imunisasi yang teratur akan melindungi anak dari berbagai penyakit infeksi. Kekebalan kelompok (herd immunity) tercapai jika minimal 95% anak telah diimunisasi. Oleh karena itu, partisipasi aktif orang tua sangat diperlukan. Jangan ragu untuk berkonsultasi dengan bidan atau dokter anak tentang jadwal imunisasi.",Gizi,Dipublikasikan,231721,216351,2026-04-14,2026-02-17 04:18:29,2026-02-17 04:18:29
161,Manfaat Posyandu untuk Balita (Bagian 8),"Efek samping imunisasi umumnya ringan seperti demam ringan atau bengkak di bekas suntikan. Hal ini normal dan akan hilang dalam 1-2 hari. Berikan ASI lebih sering atau kompres hangat untuk mengurangi rasa tidak nyaman. Segera hubungi tenaga kesehatan jika terjadi reaksi berat.

Jadwal imunisasi yang teratur akan melindungi anak dari berbagai penyakit infeksi. Kekebalan kelompok (herd immunity) tercapai jika minimal 95% anak telah diimunisasi. Oleh karena itu, partisipasi aktif orang tua sangat diperlukan. Jangan ragu untuk berkonsultasi dengan bidan atau dokter anak tentang jadwal imunisasi.

Imunisasi adalah upaya pemberian vaksin untuk membentuk kekebalan tubuh terhadap penyakit tertentu. Di Indonesia, program imunisasi dasar lengkap meliputi HB-0, BCG, Polio, DPT-HB-Hib, dan MR. Imunisasi sangat penting untuk mencegah penyakit berbahaya seperti campak, polio, dan tuberkulosis. Pastikan anak Anda mendapatkan imunisasi sesuai jadwal yang telah ditentukan.",Imunisasi,Menunggu Verifikasi,239104,,,2025-11-21 08:22:47,2025-11-21 08:22:47
162,Peran Bidan di Masyarakat (Bagian 8),"Bidan adalah tenaga kesehatan yang bertugas memberikan pelayanan kebidanan dan kesehatan ibu-anak. Peran bidan meliputi pemeriksaan kehamilan, pertolongan persalinan, perawatan nifas, imunisasi, dan konseling kesehatan reproduksi.

Di desa terpencil, bidan sering menjadi satu-satunya fasilitas kesehatan yang mudah dijangkau. Bidan bekerja sama dengan kader posyandu untuk memantau ibu hamil dan balita di wilayahnya. Jangan ragu untuk berkonsultasi dengan bidan tentang kesehatan ibu dan anak.

Bidan juga berperan dalam memberikan penyuluhan tentang ASI eksklusif, KB, imunisasi, gizi, dan pencegahan stunting. Kunjungi bidan secara rutin untuk memastikan kehamilan sehat dan tumbuh kembang anak optimal.",Gizi,Ditolak,216217,247893,,2026-05-29 01:37:01,2026-05-29 01:37:01
163,Manfaat Posyandu untuk Balita (Bagian 8),"Imunisasi adalah upaya pemberian vaksin untuk membentuk kekebalan tubuh terhadap penyakit tertentu. Di Indonesia, program imunisasi dasar lengkap meliputi HB-0, BCG, Polio, DPT-HB-Hib, dan MR. Imunisasi sangat penting untuk mencegah penyakit berbahaya seperti campak, polio, dan tuberkulosis. Pastikan anak Anda mendapatkan imunisasi sesuai jadwal yang telah ditentukan.

Efek samping imunisasi umumnya ringan seperti demam ringan atau bengkak di bekas suntikan. Hal ini normal dan akan hilang dalam 1-2 hari. Berikan ASI lebih sering atau kompres hangat untuk mengurangi rasa tidak nyaman. Segera hubungi tenaga kesehatan jika terjadi reaksi berat.

Jadwal imunisasi yang teratur akan melindungi anak dari berbagai penyakit infeksi. Kekebalan kelompok (herd immunity) tercapai jika minimal 95% anak telah diimunisasi. Oleh karena itu, partisipasi aktif orang tua sangat diperlukan. Jangan ragu untuk berkonsultasi dengan bidan atau dokter anak tentang jadwal imunisasi.",Imunisasi,Dipublikasikan,237063,229645,2026-05-14,2025-08-12 17:40:58,2025-08-12 17:40:58
164,Persiapan Persalinan Sehat (Bagian 8),"Jadwal imunisasi yang teratur akan melindungi anak dari berbagai penyakit infeksi. Kekebalan kelompok (herd immunity) tercapai jika minimal 95% anak telah diimunisasi. Oleh karena itu, partisipasi aktif orang tua sangat diperlukan. Jangan ragu untuk berkonsultasi dengan bidan atau dokter anak tentang jadwal imunisasi.

Imunisasi adalah upaya pemberian vaksin untuk membentuk kekebalan tubuh terhadap penyakit tertentu. Di Indonesia, program imunisasi dasar lengkap meliputi HB-0, BCG, Polio, DPT-HB-Hib, dan MR. Imunisasi sangat penting untuk mencegah penyakit berbahaya seperti campak, polio, dan tuberkulosis. Pastikan anak Anda mendapatkan imunisasi sesuai jadwal yang telah ditentukan.

Efek samping imunisasi umumnya ringan seperti demam ringan atau bengkak di bekas suntikan. Hal ini normal dan akan hilang dalam 1-2 hari. Berikan ASI lebih sering atau kompres hangat untuk mengurangi rasa tidak nyaman. Segera hubungi tenaga kesehatan jika terjadi reaksi berat.",Tumbuh Kembang,Draft,228220,,,2025-08-28 19:58:29,2025-08-28 19:58:29
165,Nutrisi untuk Ibu Menyusui (Bagian 8),"Efek samping imunisasi umumnya ringan seperti demam ringan atau bengkak di bekas suntikan. Hal ini normal dan akan hilang dalam 1-2 hari. Berikan ASI lebih sering atau kompres hangat untuk mengurangi rasa tidak nyaman. Segera hubungi tenaga kesehatan jika terjadi reaksi berat.

Imunisasi adalah upaya pemberian vaksin untuk membentuk kekebalan tubuh terhadap penyakit tertentu. Di Indonesia, program imunisasi dasar lengkap meliputi HB-0, BCG, Polio, DPT-HB-Hib, dan MR. Imunisasi sangat penting untuk mencegah penyakit berbahaya seperti campak, polio, dan tuberkulosis. Pastikan anak Anda mendapatkan imunisasi sesuai jadwal yang telah ditentukan.

Jadwal imunisasi yang teratur akan melindungi anak dari berbagai penyakit infeksi. Kekebalan kelompok (herd immunity) tercapai jika minimal 95% anak telah diimunisasi. Oleh karena itu, partisipasi aktif orang tua sangat diperlukan. Jangan ragu untuk berkonsultasi dengan bidan atau dokter anak tentang jadwal imunisasi.",Gizi,Draft,237374,,,2025-09-23 05:58:52,2025-09-23 05:58:52
166,Persiapan Persalinan Sehat (Bagian 8),"Jadwal imunisasi yang teratur akan melindungi anak dari berbagai penyakit infeksi. Kekebalan kelompok (herd immunity) tercapai jika minimal 95% anak telah diimunisasi. Oleh karena itu, partisipasi aktif orang tua sangat diperlukan. Jangan ragu untuk berkonsultasi dengan bidan atau dokter anak tentang jadwal imunisasi.

Efek samping imunisasi umumnya ringan seperti demam ringan atau bengkak di bekas suntikan. Hal ini normal dan akan hilang dalam 1-2 hari. Berikan ASI lebih sering atau kompres hangat untuk mengurangi rasa tidak nyaman. Segera hubungi tenaga kesehatan jika terjadi reaksi berat.

Imunisasi adalah upaya pemberian vaksin untuk membentuk kekebalan tubuh terhadap penyakit tertentu. Di Indonesia, program imunisasi dasar lengkap meliputi HB-0, BCG, Polio, DPT-HB-Hib, dan MR. Imunisasi sangat penting untuk mencegah penyakit berbahaya seperti campak, polio, dan tuberkulosis. Pastikan anak Anda mendapatkan imunisasi sesuai jadwal yang telah ditentukan.",Penyakit,Draft,215012,,,2026-05-03 23:17:34,2026-05-03 23:17:34
167,Tumbuh Kembang Anak Normal (Bagian 8),"Perkembangan anak meliputi aspek motorik kasar, motorik halus, bahasa, dan personal-sosial. Setiap anak memiliki kecepatan tumbuh kembang yang berbeda, namun ada tolok ukur umum sesuai usia. Stimulasi dini dapat dilakukan dengan mengajak bermain, berbicara, membaca, dan bernyanyi.

Konsultasikan ke tenaga kesehatan jika anak belum bisa tengkurap di usia 4 bulan, belum merangkak di usia 9 bulan, atau belum berjalan di usia 18 bulan. Stimulasi yang teratur dan kasih sayang orang tua sangat penting untuk perkembangan optimal anak.

Pada usia 0-3 bulan, bayi sudah bisa mengangkat kepala. Usia 4-6 bulan, bayi mulai tengkurap dan meraih mainan. Usia 7-9 bulan, bayi duduk sendiri dan merangkak. Usia 10-12 bulan, bayi berdiri dengan pegangan dan mulai berjalan. Orang tua perlu waspada jika ada tanda keterlambatan.",Imunisasi,Dipublikasikan,201324,229645,2025-10-14,2025-12-18 23:48:32,2025-12-18 23:48:32
168,Gizi Seimbang untuk Balita (Bagian 8),"Pola makan yang baik akan mendukung pertumbuhan dan perkembangan optimal. Hindari makanan tinggi gula dan lemak jenuh. Biasakan anak makan sayur dan buah setiap hari. Libatkan anak dalam menyiapkan makanan agar mereka lebih tertarik untuk mencoba.

Menu makanan balita harus mengandung sumber energi (nasi, roti, ubi), sumber pembangun (ikan, telur, daging, tahu, tempe), dan sumber pengatur (sayur, buah). Kekurangan zat besi dapat menyebabkan anemia dan mengganggu perkembangan kognitif anak. Berikan hati ayam, bayam, atau kacang-kacangan.

Gizi seimbang berarti konsumsi makanan beragam dalam jumlah cukup sesuai kebutuhan tubuh. Prinsip gizi seimbang: makan makanan dengan komposisi karbohidrat, protein, lemak sehat, vitamin, mineral, dan air. Anak balita membutuhkan energi lebih besar per kilogram berat badan dibanding orang dewasa.",Penyakit,Diarsipkan,205820,,,2026-02-24 21:28:08,2026-02-24 21:28:08
169,Vaksin MR dan Polio (Bagian 8),"Kekebalan kelompok hanya tercapai jika cakupan imunisasi tinggi. Mari dukung program imunisasi nasional dengan membawa anak ke posyandu atau puskesmas terdekat. Imunisasi aman, efektif, dan gratis.

Vaksin DPT-HB-Hib melindungi dari difteri, pertusis, tetanus, hepatitis B, dan Hib. Pastikan anak mendapatkan imunisasi lengkap sesuai jadwal untuk kekebalan optimal. Imunisasi merupakan hak anak dan kewajiban orang tua untuk melindungi generasi masa depan.

Vaksin MR melindungi dari campak (measles) dan rubella yang dapat menyebabkan kecacatan bawaan. Vaksin polio mencegah kelumpuhan akibat virus polio yang menyerang sistem saraf. Vaksin BCG diberikan untuk mencegah tuberkulosis berat pada anak.",Kehamilan,Diarsipkan,203308,,,2026-03-19 14:07:05,2026-03-19 14:07:05
170,Nutrisi untuk Ibu Menyusui (Bagian 8),"Efek samping imunisasi umumnya ringan seperti demam ringan atau bengkak di bekas suntikan. Hal ini normal dan akan hilang dalam 1-2 hari. Berikan ASI lebih sering atau kompres hangat untuk mengurangi rasa tidak nyaman. Segera hubungi tenaga kesehatan jika terjadi reaksi berat.

Imunisasi adalah upaya pemberian vaksin untuk membentuk kekebalan tubuh terhadap penyakit tertentu. Di Indonesia, program imunisasi dasar lengkap meliputi HB-0, BCG, Polio, DPT-HB-Hib, dan MR. Imunisasi sangat penting untuk mencegah penyakit berbahaya seperti campak, polio, dan tuberkulosis. Pastikan anak Anda mendapatkan imunisasi sesuai jadwal yang telah ditentukan.

Jadwal imunisasi yang teratur akan melindungi anak dari berbagai penyakit infeksi. Kekebalan kelompok (herd immunity) tercapai jika minimal 95% anak telah diimunisasi. Oleh karena itu, partisipasi aktif orang tua sangat diperlukan. Jangan ragu untuk berkonsultasi dengan bidan atau dokter anak tentang jadwal imunisasi.",Gizi,Dipublikasikan,227433,223490,2026-05-25,2026-06-02 06:53:24,2026-06-02 06:53:24
171,Bahaya Campak dan Rubella (Bagian 8),"Efek samping imunisasi umumnya ringan seperti demam ringan atau bengkak di bekas suntikan. Hal ini normal dan akan hilang dalam 1-2 hari. Berikan ASI lebih sering atau kompres hangat untuk mengurangi rasa tidak nyaman. Segera hubungi tenaga kesehatan jika terjadi reaksi berat.

Imunisasi adalah upaya pemberian vaksin untuk membentuk kekebalan tubuh terhadap penyakit tertentu. Di Indonesia, program imunisasi dasar lengkap meliputi HB-0, BCG, Polio, DPT-HB-Hib, dan MR. Imunisasi sangat penting untuk mencegah penyakit berbahaya seperti campak, polio, dan tuberkulosis. Pastikan anak Anda mendapatkan imunisasi sesuai jadwal yang telah ditentukan.

Jadwal imunisasi yang teratur akan melindungi anak dari berbagai penyakit infeksi. Kekebalan kelompok (herd immunity) tercapai jika minimal 95% anak telah diimunisasi. Oleh karena itu, partisipasi aktif orang tua sangat diperlukan. Jangan ragu untuk berkonsultasi dengan bidan atau dokter anak tentang jadwal imunisasi.",Penyakit,Dipublikasikan,243647,243549,2025-12-08,2025-08-18 18:52:53,2025-08-18 18:52:53
172,Perkembangan Motorik Anak Usia 0-2 Tahun (Bagian 8),"Jadwal imunisasi yang teratur akan melindungi anak dari berbagai penyakit infeksi. Kekebalan kelompok (herd immunity) tercapai jika minimal 95% anak telah diimunisasi. Oleh karena itu, partisipasi aktif orang tua sangat diperlukan. Jangan ragu untuk berkonsultasi dengan bidan atau dokter anak tentang jadwal imunisasi.

Efek samping imunisasi umumnya ringan seperti demam ringan atau bengkak di bekas suntikan. Hal ini normal dan akan hilang dalam 1-2 hari. Berikan ASI lebih sering atau kompres hangat untuk mengurangi rasa tidak nyaman. Segera hubungi tenaga kesehatan jika terjadi reaksi berat.

Imunisasi adalah upaya pemberian vaksin untuk membentuk kekebalan tubuh terhadap penyakit tertentu. Di Indonesia, program imunisasi dasar lengkap meliputi HB-0, BCG, Polio, DPT-HB-Hib, dan MR. Imunisasi sangat penting untuk mencegah penyakit berbahaya seperti campak, polio, dan tuberkulosis. Pastikan anak Anda mendapatkan imunisasi sesuai jadwal yang telah ditentukan.",Imunisasi,Menunggu Verifikasi,225708,,,2026-01-10 04:48:14,2026-01-10 04:48:14
173,Pencegahan Diare pada Anak (Bagian 8),"Diare adalah buang air besar encer lebih dari 3 kali sehari. Penyebab diare antara lain infeksi virus, bakteri, atau parasit, juga bisa karena alergi makanan. Pencegahan diare: cuci tangan pakai sabun, konsumsi air bersih, dan imunisasi rotavirus.

Menjaga sanitasi lingkungan dan kebersihan makanan adalah kunci mencegah diare. Zinc dapat diberikan selama 10 hari berturut-turut untuk memperpendek durasi diare. Pastikan selalu tersedia air bersih di rumah.

Jika anak diare, berikan oralit untuk mencegah dehidrasi. Teruskan ASI atau makanan lunak. Jangan memberikan obat diare tanpa resep dokter. Segera bawa ke fasilitas kesehatan jika diare disertai darah, muntah terus, atau sangat lemas.",Imunisasi,Diarsipkan,241416,,,2025-11-05 12:45:01,2025-11-05 12:45:01
174,Perkembangan Motorik Anak Usia 0-2 Tahun (Bagian 8),"Efek samping imunisasi umumnya ringan seperti demam ringan atau bengkak di bekas suntikan. Hal ini normal dan akan hilang dalam 1-2 hari. Berikan ASI lebih sering atau kompres hangat untuk mengurangi rasa tidak nyaman. Segera hubungi tenaga kesehatan jika terjadi reaksi berat.

Imunisasi adalah upaya pemberian vaksin untuk membentuk kekebalan tubuh terhadap penyakit tertentu. Di Indonesia, program imunisasi dasar lengkap meliputi HB-0, BCG, Polio, DPT-HB-Hib, dan MR. Imunisasi sangat penting untuk mencegah penyakit berbahaya seperti campak, polio, dan tuberkulosis. Pastikan anak Anda mendapatkan imunisasi sesuai jadwal yang telah ditentukan.

Jadwal imunisasi yang teratur akan melindungi anak dari berbagai penyakit infeksi. Kekebalan kelompok (herd immunity) tercapai jika minimal 95% anak telah diimunisasi. Oleh karena itu, partisipasi aktif orang tua sangat diperlukan. Jangan ragu untuk berkonsultasi dengan bidan atau dokter anak tentang jadwal imunisasi.",Tumbuh Kembang,Ditolak,205207,247893,,2026-04-26 18:08:39,2026-04-26 18:08:39
175,Peran Bidan di Masyarakat (Bagian 8),"Bidan adalah tenaga kesehatan yang bertugas memberikan pelayanan kebidanan dan kesehatan ibu-anak. Peran bidan meliputi pemeriksaan kehamilan, pertolongan persalinan, perawatan nifas, imunisasi, dan konseling kesehatan reproduksi.

Bidan juga berperan dalam memberikan penyuluhan tentang ASI eksklusif, KB, imunisasi, gizi, dan pencegahan stunting. Kunjungi bidan secara rutin untuk memastikan kehamilan sehat dan tumbuh kembang anak optimal.

Di desa terpencil, bidan sering menjadi satu-satunya fasilitas kesehatan yang mudah dijangkau. Bidan bekerja sama dengan kader posyandu untuk memantau ibu hamil dan balita di wilayahnya. Jangan ragu untuk berkonsultasi dengan bidan tentang kesehatan ibu dan anak.",Tumbuh Kembang,Dipublikasikan,228487,243549,2025-06-23,2026-01-30 20:07:27,2026-01-30 20:07:27
176,Kesehatan Ibu Hamil (Bagian 8),"Jadwal imunisasi yang teratur akan melindungi anak dari berbagai penyakit infeksi. Kekebalan kelompok (herd immunity) tercapai jika minimal 95% anak telah diimunisasi. Oleh karena itu, partisipasi aktif orang tua sangat diperlukan. Jangan ragu untuk berkonsultasi dengan bidan atau dokter anak tentang jadwal imunisasi.

Imunisasi adalah upaya pemberian vaksin untuk membentuk kekebalan tubuh terhadap penyakit tertentu. Di Indonesia, program imunisasi dasar lengkap meliputi HB-0, BCG, Polio, DPT-HB-Hib, dan MR. Imunisasi sangat penting untuk mencegah penyakit berbahaya seperti campak, polio, dan tuberkulosis. Pastikan anak Anda mendapatkan imunisasi sesuai jadwal yang telah ditentukan.

Efek samping imunisasi umumnya ringan seperti demam ringan atau bengkak di bekas suntikan. Hal ini normal dan akan hilang dalam 1-2 hari. Berikan ASI lebih sering atau kompres hangat untuk mengurangi rasa tidak nyaman. Segera hubungi tenaga kesehatan jika terjadi reaksi berat.",Kehamilan,Draft,213041,,,2025-11-04 17:02:00,2025-11-04 17:02:00
177,Kesehatan Ibu Hamil (Bagian 8),"Efek samping imunisasi umumnya ringan seperti demam ringan atau bengkak di bekas suntikan. Hal ini normal dan akan hilang dalam 1-2 hari. Berikan ASI lebih sering atau kompres hangat untuk mengurangi rasa tidak nyaman. Segera hubungi tenaga kesehatan jika terjadi reaksi berat.

Imunisasi adalah upaya pemberian vaksin untuk membentuk kekebalan tubuh terhadap penyakit tertentu. Di Indonesia, program imunisasi dasar lengkap meliputi HB-0, BCG, Polio, DPT-HB-Hib, dan MR. Imunisasi sangat penting untuk mencegah penyakit berbahaya seperti campak, polio, dan tuberkulosis. Pastikan anak Anda mendapatkan imunisasi sesuai jadwal yang telah ditentukan.

Jadwal imunisasi yang teratur akan melindungi anak dari berbagai penyakit infeksi. Kekebalan kelompok (herd immunity) tercapai jika minimal 95% anak telah diimunisasi. Oleh karena itu, partisipasi aktif orang tua sangat diperlukan. Jangan ragu untuk berkonsultasi dengan bidan atau dokter anak tentang jadwal imunisasi.",Tumbuh Kembang,Menunggu Verifikasi,208154,,,2026-05-25 14:59:49,2026-05-25 14:59:49
178,Deteksi Dini TBC pada Anak (Bagian 8),"Pengobatan TBC anak harus tuntas minimal 6 bulan dengan kombinasi obat OAT (Obat Anti Tuberkulosis). Putus obat dapat menyebabkan resistensi dan kambuh. Orang tua harus memastikan anak minum obat secara teratur.

Tuberkulosis (TBC) pada anak dapat dicegah dengan vaksin BCG yang diberikan segera setelah lahir. Gejala TBC anak: batuk lebih dari 3 minggu, berat badan tidak naik, demam berkepanjangan, keringat malam tanpa aktivitas berat.

Kontak erat dengan penderita TBC dewasa meningkatkan risiko penularan pada anak. Lingkungan rumah dengan ventilasi dan sinar matahari cukup membantu mencegah penularan. Segera periksa jika ada kontak dengan penderita TBC.",Penyakit,Diarsipkan,222392,,,2026-06-03 14:16:59,2026-06-03 14:16:59
179,Manfaat Posyandu untuk Balita (Bagian 8),"Jadwal imunisasi yang teratur akan melindungi anak dari berbagai penyakit infeksi. Kekebalan kelompok (herd immunity) tercapai jika minimal 95% anak telah diimunisasi. Oleh karena itu, partisipasi aktif orang tua sangat diperlukan. Jangan ragu untuk berkonsultasi dengan bidan atau dokter anak tentang jadwal imunisasi.

Efek samping imunisasi umumnya ringan seperti demam ringan atau bengkak di bekas suntikan. Hal ini normal dan akan hilang dalam 1-2 hari. Berikan ASI lebih sering atau kompres hangat untuk mengurangi rasa tidak nyaman. Segera hubungi tenaga kesehatan jika terjadi reaksi berat.

Imunisasi adalah upaya pemberian vaksin untuk membentuk kekebalan tubuh terhadap penyakit tertentu. Di Indonesia, program imunisasi dasar lengkap meliputi HB-0, BCG, Polio, DPT-HB-Hib, dan MR. Imunisasi sangat penting untuk mencegah penyakit berbahaya seperti campak, polio, dan tuberkulosis. Pastikan anak Anda mendapatkan imunisasi sesuai jadwal yang telah ditentukan.",Penyakit,Draft,243007,,,2025-07-17 20:38:41,2025-07-17 20:38:41
180,Perkembangan Motorik Anak Usia 0-2 Tahun (Bagian 9),"Imunisasi adalah upaya pemberian vaksin untuk membentuk kekebalan tubuh terhadap penyakit tertentu. Di Indonesia, program imunisasi dasar lengkap meliputi HB-0, BCG, Polio, DPT-HB-Hib, dan MR. Imunisasi sangat penting untuk mencegah penyakit berbahaya seperti campak, polio, dan tuberkulosis. Pastikan anak Anda mendapatkan imunisasi sesuai jadwal yang telah ditentukan.

Jadwal imunisasi yang teratur akan melindungi anak dari berbagai penyakit infeksi. Kekebalan kelompok (herd immunity) tercapai jika minimal 95% anak telah diimunisasi. Oleh karena itu, partisipasi aktif orang tua sangat diperlukan. Jangan ragu untuk berkonsultasi dengan bidan atau dokter anak tentang jadwal imunisasi.

Efek samping imunisasi umumnya ringan seperti demam ringan atau bengkak di bekas suntikan. Hal ini normal dan akan hilang dalam 1-2 hari. Berikan ASI lebih sering atau kompres hangat untuk mengurangi rasa tidak nyaman. Segera hubungi tenaga kesehatan jika terjadi reaksi berat.",Kehamilan,Dipublikasikan,230751,225811,2025-12-30,2025-11-28 10:49:14,2025-11-28 10:49:14
181,Bahaya Campak dan Rubella (Bagian 9),"Imunisasi adalah upaya pemberian vaksin untuk membentuk kekebalan tubuh terhadap penyakit tertentu. Di Indonesia, program imunisasi dasar lengkap meliputi HB-0, BCG, Polio, DPT-HB-Hib, dan MR. Imunisasi sangat penting untuk mencegah penyakit berbahaya seperti campak, polio, dan tuberkulosis. Pastikan anak Anda mendapatkan imunisasi sesuai jadwal yang telah ditentukan.

Jadwal imunisasi yang teratur akan melindungi anak dari berbagai penyakit infeksi. Kekebalan kelompok (herd immunity) tercapai jika minimal 95% anak telah diimunisasi. Oleh karena itu, partisipasi aktif orang tua sangat diperlukan. Jangan ragu untuk berkonsultasi dengan bidan atau dokter anak tentang jadwal imunisasi.

Efek samping imunisasi umumnya ringan seperti demam ringan atau bengkak di bekas suntikan. Hal ini normal dan akan hilang dalam 1-2 hari. Berikan ASI lebih sering atau kompres hangat untuk mengurangi rasa tidak nyaman. Segera hubungi tenaga kesehatan jika terjadi reaksi berat.",Kehamilan,Menunggu Verifikasi,233379,,,2025-07-06 19:06:36,2025-07-06 19:06:36
182,Cara Mengatasi Demam pada Anak (Bagian 9),"Efek samping imunisasi umumnya ringan seperti demam ringan atau bengkak di bekas suntikan. Hal ini normal dan akan hilang dalam 1-2 hari. Berikan ASI lebih sering atau kompres hangat untuk mengurangi rasa tidak nyaman. Segera hubungi tenaga kesehatan jika terjadi reaksi berat.

Imunisasi adalah upaya pemberian vaksin untuk membentuk kekebalan tubuh terhadap penyakit tertentu. Di Indonesia, program imunisasi dasar lengkap meliputi HB-0, BCG, Polio, DPT-HB-Hib, dan MR. Imunisasi sangat penting untuk mencegah penyakit berbahaya seperti campak, polio, dan tuberkulosis. Pastikan anak Anda mendapatkan imunisasi sesuai jadwal yang telah ditentukan.

Jadwal imunisasi yang teratur akan melindungi anak dari berbagai penyakit infeksi. Kekebalan kelompok (herd immunity) tercapai jika minimal 95% anak telah diimunisasi. Oleh karena itu, partisipasi aktif orang tua sangat diperlukan. Jangan ragu untuk berkonsultasi dengan bidan atau dokter anak tentang jadwal imunisasi.",Gizi,Diarsipkan,245131,,,2025-09-09 07:08:25,2025-09-09 07:08:25
183,Pencegahan Diare pada Anak (Bagian 9),"Menjaga sanitasi lingkungan dan kebersihan makanan adalah kunci mencegah diare. Zinc dapat diberikan selama 10 hari berturut-turut untuk memperpendek durasi diare. Pastikan selalu tersedia air bersih di rumah.

Diare adalah buang air besar encer lebih dari 3 kali sehari. Penyebab diare antara lain infeksi virus, bakteri, atau parasit, juga bisa karena alergi makanan. Pencegahan diare: cuci tangan pakai sabun, konsumsi air bersih, dan imunisasi rotavirus.

Jika anak diare, berikan oralit untuk mencegah dehidrasi. Teruskan ASI atau makanan lunak. Jangan memberikan obat diare tanpa resep dokter. Segera bawa ke fasilitas kesehatan jika diare disertai darah, muntah terus, atau sangat lemas.",Kehamilan,Ditolak,233422,234949,,2026-01-11 07:13:59,2026-01-11 07:13:59
184,Kesehatan Ibu Hamil (Bagian 9),"Efek samping imunisasi umumnya ringan seperti demam ringan atau bengkak di bekas suntikan. Hal ini normal dan akan hilang dalam 1-2 hari. Berikan ASI lebih sering atau kompres hangat untuk mengurangi rasa tidak nyaman. Segera hubungi tenaga kesehatan jika terjadi reaksi berat.

Imunisasi adalah upaya pemberian vaksin untuk membentuk kekebalan tubuh terhadap penyakit tertentu. Di Indonesia, program imunisasi dasar lengkap meliputi HB-0, BCG, Polio, DPT-HB-Hib, dan MR. Imunisasi sangat penting untuk mencegah penyakit berbahaya seperti campak, polio, dan tuberkulosis. Pastikan anak Anda mendapatkan imunisasi sesuai jadwal yang telah ditentukan.

Jadwal imunisasi yang teratur akan melindungi anak dari berbagai penyakit infeksi. Kekebalan kelompok (herd immunity) tercapai jika minimal 95% anak telah diimunisasi. Oleh karena itu, partisipasi aktif orang tua sangat diperlukan. Jangan ragu untuk berkonsultasi dengan bidan atau dokter anak tentang jadwal imunisasi.",Tumbuh Kembang,Ditolak,247453,243549,,2025-09-22 14:01:47,2025-09-22 14:01:47
185,Deteksi Dini TBC pada Anak (Bagian 9),"Kontak erat dengan penderita TBC dewasa meningkatkan risiko penularan pada anak. Lingkungan rumah dengan ventilasi dan sinar matahari cukup membantu mencegah penularan. Segera periksa jika ada kontak dengan penderita TBC.

Pengobatan TBC anak harus tuntas minimal 6 bulan dengan kombinasi obat OAT (Obat Anti Tuberkulosis). Putus obat dapat menyebabkan resistensi dan kambuh. Orang tua harus memastikan anak minum obat secara teratur.

Tuberkulosis (TBC) pada anak dapat dicegah dengan vaksin BCG yang diberikan segera setelah lahir. Gejala TBC anak: batuk lebih dari 3 minggu, berat badan tidak naik, demam berkepanjangan, keringat malam tanpa aktivitas berat.",Tumbuh Kembang,Menunggu Verifikasi,229307,,,2025-10-12 04:08:24,2025-10-12 04:08:24
186,Manfaat Imunisasi untuk Anak (Bagian 9),"Imunisasi adalah upaya pemberian vaksin untuk membentuk kekebalan tubuh terhadap penyakit tertentu. Di Indonesia, program imunisasi dasar lengkap meliputi HB-0, BCG, Polio, DPT-HB-Hib, dan MR. Imunisasi sangat penting untuk mencegah penyakit berbahaya seperti campak, polio, dan tuberkulosis. Pastikan anak Anda mendapatkan imunisasi sesuai jadwal yang telah ditentukan.

Efek samping imunisasi umumnya ringan seperti demam ringan atau bengkak di bekas suntikan. Hal ini normal dan akan hilang dalam 1-2 hari. Berikan ASI lebih sering atau kompres hangat untuk mengurangi rasa tidak nyaman. Segera hubungi tenaga kesehatan jika terjadi reaksi berat.

Jadwal imunisasi yang teratur akan melindungi anak dari berbagai penyakit infeksi. Kekebalan kelompok (herd immunity) tercapai jika minimal 95% anak telah diimunisasi. Oleh karena itu, partisipasi aktif orang tua sangat diperlukan. Jangan ragu untuk berkonsultasi dengan bidan atau dokter anak tentang jadwal imunisasi.",Imunisasi,Ditolak,235385,225811,,2026-04-25 07:43:30,2026-04-25 07:43:30
187,Nutrisi untuk Ibu Menyusui (Bagian 9),"Jadwal imunisasi yang teratur akan melindungi anak dari berbagai penyakit infeksi. Kekebalan kelompok (herd immunity) tercapai jika minimal 95% anak telah diimunisasi. Oleh karena itu, partisipasi aktif orang tua sangat diperlukan. Jangan ragu untuk berkonsultasi dengan bidan atau dokter anak tentang jadwal imunisasi.

Efek samping imunisasi umumnya ringan seperti demam ringan atau bengkak di bekas suntikan. Hal ini normal dan akan hilang dalam 1-2 hari. Berikan ASI lebih sering atau kompres hangat untuk mengurangi rasa tidak nyaman. Segera hubungi tenaga kesehatan jika terjadi reaksi berat.

Imunisasi adalah upaya pemberian vaksin untuk membentuk kekebalan tubuh terhadap penyakit tertentu. Di Indonesia, program imunisasi dasar lengkap meliputi HB-0, BCG, Polio, DPT-HB-Hib, dan MR. Imunisasi sangat penting untuk mencegah penyakit berbahaya seperti campak, polio, dan tuberkulosis. Pastikan anak Anda mendapatkan imunisasi sesuai jadwal yang telah ditentukan.",Gizi,Draft,242302,,,2026-05-26 12:16:51,2026-05-26 12:16:51
188,Kesehatan Ibu Hamil (Bagian 9),"Efek samping imunisasi umumnya ringan seperti demam ringan atau bengkak di bekas suntikan. Hal ini normal dan akan hilang dalam 1-2 hari. Berikan ASI lebih sering atau kompres hangat untuk mengurangi rasa tidak nyaman. Segera hubungi tenaga kesehatan jika terjadi reaksi berat.

Imunisasi adalah upaya pemberian vaksin untuk membentuk kekebalan tubuh terhadap penyakit tertentu. Di Indonesia, program imunisasi dasar lengkap meliputi HB-0, BCG, Polio, DPT-HB-Hib, dan MR. Imunisasi sangat penting untuk mencegah penyakit berbahaya seperti campak, polio, dan tuberkulosis. Pastikan anak Anda mendapatkan imunisasi sesuai jadwal yang telah ditentukan.

Jadwal imunisasi yang teratur akan melindungi anak dari berbagai penyakit infeksi. Kekebalan kelompok (herd immunity) tercapai jika minimal 95% anak telah diimunisasi. Oleh karena itu, partisipasi aktif orang tua sangat diperlukan. Jangan ragu untuk berkonsultasi dengan bidan atau dokter anak tentang jadwal imunisasi.",Kehamilan,Ditolak,222596,225811,,2025-10-11 01:43:53,2025-10-11 01:43:53
189,Perkembangan Motorik Anak Usia 0-2 Tahun (Bagian 9),"Efek samping imunisasi umumnya ringan seperti demam ringan atau bengkak di bekas suntikan. Hal ini normal dan akan hilang dalam 1-2 hari. Berikan ASI lebih sering atau kompres hangat untuk mengurangi rasa tidak nyaman. Segera hubungi tenaga kesehatan jika terjadi reaksi berat.

Jadwal imunisasi yang teratur akan melindungi anak dari berbagai penyakit infeksi. Kekebalan kelompok (herd immunity) tercapai jika minimal 95% anak telah diimunisasi. Oleh karena itu, partisipasi aktif orang tua sangat diperlukan. Jangan ragu untuk berkonsultasi dengan bidan atau dokter anak tentang jadwal imunisasi.

Imunisasi adalah upaya pemberian vaksin untuk membentuk kekebalan tubuh terhadap penyakit tertentu. Di Indonesia, program imunisasi dasar lengkap meliputi HB-0, BCG, Polio, DPT-HB-Hib, dan MR. Imunisasi sangat penting untuk mencegah penyakit berbahaya seperti campak, polio, dan tuberkulosis. Pastikan anak Anda mendapatkan imunisasi sesuai jadwal yang telah ditentukan.",Penyakit,Diarsipkan,236223,,,2025-10-07 17:34:09,2025-10-07 17:34:09
190,Cara Mengatasi Demam pada Anak (Bagian 9),"Efek samping imunisasi umumnya ringan seperti demam ringan atau bengkak di bekas suntikan. Hal ini normal dan akan hilang dalam 1-2 hari. Berikan ASI lebih sering atau kompres hangat untuk mengurangi rasa tidak nyaman. Segera hubungi tenaga kesehatan jika terjadi reaksi berat.

Jadwal imunisasi yang teratur akan melindungi anak dari berbagai penyakit infeksi. Kekebalan kelompok (herd immunity) tercapai jika minimal 95% anak telah diimunisasi. Oleh karena itu, partisipasi aktif orang tua sangat diperlukan. Jangan ragu untuk berkonsultasi dengan bidan atau dokter anak tentang jadwal imunisasi.

Imunisasi adalah upaya pemberian vaksin untuk membentuk kekebalan tubuh terhadap penyakit tertentu. Di Indonesia, program imunisasi dasar lengkap meliputi HB-0, BCG, Polio, DPT-HB-Hib, dan MR. Imunisasi sangat penting untuk mencegah penyakit berbahaya seperti campak, polio, dan tuberkulosis. Pastikan anak Anda mendapatkan imunisasi sesuai jadwal yang telah ditentukan.",Kehamilan,Draft,242543,,,2025-10-27 05:08:27,2025-10-27 05:08:27
191,Pentingnya Imunisasi Booster (Bagian 9),"Jadwal imunisasi yang teratur akan melindungi anak dari berbagai penyakit infeksi. Kekebalan kelompok (herd immunity) tercapai jika minimal 95% anak telah diimunisasi. Oleh karena itu, partisipasi aktif orang tua sangat diperlukan. Jangan ragu untuk berkonsultasi dengan bidan atau dokter anak tentang jadwal imunisasi.

Imunisasi adalah upaya pemberian vaksin untuk membentuk kekebalan tubuh terhadap penyakit tertentu. Di Indonesia, program imunisasi dasar lengkap meliputi HB-0, BCG, Polio, DPT-HB-Hib, dan MR. Imunisasi sangat penting untuk mencegah penyakit berbahaya seperti campak, polio, dan tuberkulosis. Pastikan anak Anda mendapatkan imunisasi sesuai jadwal yang telah ditentukan.

Efek samping imunisasi umumnya ringan seperti demam ringan atau bengkak di bekas suntikan. Hal ini normal dan akan hilang dalam 1-2 hari. Berikan ASI lebih sering atau kompres hangat untuk mengurangi rasa tidak nyaman. Segera hubungi tenaga kesehatan jika terjadi reaksi berat.",Tumbuh Kembang,Menunggu Verifikasi,229532,,,2025-06-29 02:59:19,2025-06-29 02:59:19
192,Deteksi Dini TBC pada Anak (Bagian 9),"Kontak erat dengan penderita TBC dewasa meningkatkan risiko penularan pada anak. Lingkungan rumah dengan ventilasi dan sinar matahari cukup membantu mencegah penularan. Segera periksa jika ada kontak dengan penderita TBC.

Tuberkulosis (TBC) pada anak dapat dicegah dengan vaksin BCG yang diberikan segera setelah lahir. Gejala TBC anak: batuk lebih dari 3 minggu, berat badan tidak naik, demam berkepanjangan, keringat malam tanpa aktivitas berat.

Pengobatan TBC anak harus tuntas minimal 6 bulan dengan kombinasi obat OAT (Obat Anti Tuberkulosis). Putus obat dapat menyebabkan resistensi dan kambuh. Orang tua harus memastikan anak minum obat secara teratur.",Gizi,Draft,211591,,,2025-10-28 21:08:20,2025-10-28 21:08:20
193,Mengenal Tanda Bahaya Kehamilan (Bagian 9),"Ibu hamil dianjurkan mengonsumsi 90 tablet tambah darah selama kehamilan untuk mencegah anemia. Konsumsi makanan bergizi seimbang, istirahat cukup, dan lakukan aktivitas fisik ringan seperti jalan kaki. Persalinan sebaiknya ditolong oleh tenaga kesehatan terlatih di fasilitas kesehatan.

Pemeriksaan kehamilan rutin minimal 6 kali selama masa kehamilan. Trimester pertama (1-3 bulan) periksa untuk konfirmasi kehamilan dan deteksi risiko awal. Trimester kedua (4-6 bulan) periksa untuk memantau pertumbuhan janin dan deteksi kelainan. Trimester ketiga (7-9 bulan) periksa untuk persiapan persalinan.

Tanda bahaya kehamilan yang harus diwaspadai: pendarahan melalui jalan lahir, sakit kepala hebat, pandangan kabur, bengkak di wajah dan tangan, demam tinggi, serta gerakan janin berkurang. Segera ke fasilitas kesehatan jika mengalami tanda-tanda tersebut.",Gizi,Menunggu Verifikasi,201987,,,2025-10-13 03:40:22,2025-10-13 03:40:22
194,Pentingnya Buku KIA (Bagian 9),"Imunisasi adalah upaya pemberian vaksin untuk membentuk kekebalan tubuh terhadap penyakit tertentu. Di Indonesia, program imunisasi dasar lengkap meliputi HB-0, BCG, Polio, DPT-HB-Hib, dan MR. Imunisasi sangat penting untuk mencegah penyakit berbahaya seperti campak, polio, dan tuberkulosis. Pastikan anak Anda mendapatkan imunisasi sesuai jadwal yang telah ditentukan.

Efek samping imunisasi umumnya ringan seperti demam ringan atau bengkak di bekas suntikan. Hal ini normal dan akan hilang dalam 1-2 hari. Berikan ASI lebih sering atau kompres hangat untuk mengurangi rasa tidak nyaman. Segera hubungi tenaga kesehatan jika terjadi reaksi berat.

Jadwal imunisasi yang teratur akan melindungi anak dari berbagai penyakit infeksi. Kekebalan kelompok (herd immunity) tercapai jika minimal 95% anak telah diimunisasi. Oleh karena itu, partisipasi aktif orang tua sangat diperlukan. Jangan ragu untuk berkonsultasi dengan bidan atau dokter anak tentang jadwal imunisasi.",Imunisasi,Dipublikasikan,249584,229645,2025-08-22,2025-09-25 17:07:42,2025-09-25 17:07:42
195,Manfaat Imunisasi untuk Anak (Bagian 9),"Efek samping imunisasi umumnya ringan seperti demam ringan atau bengkak di bekas suntikan. Hal ini normal dan akan hilang dalam 1-2 hari. Berikan ASI lebih sering atau kompres hangat untuk mengurangi rasa tidak nyaman. Segera hubungi tenaga kesehatan jika terjadi reaksi berat.

Jadwal imunisasi yang teratur akan melindungi anak dari berbagai penyakit infeksi. Kekebalan kelompok (herd immunity) tercapai jika minimal 95% anak telah diimunisasi. Oleh karena itu, partisipasi aktif orang tua sangat diperlukan. Jangan ragu untuk berkonsultasi dengan bidan atau dokter anak tentang jadwal imunisasi.

Imunisasi adalah upaya pemberian vaksin untuk membentuk kekebalan tubuh terhadap penyakit tertentu. Di Indonesia, program imunisasi dasar lengkap meliputi HB-0, BCG, Polio, DPT-HB-Hib, dan MR. Imunisasi sangat penting untuk mencegah penyakit berbahaya seperti campak, polio, dan tuberkulosis. Pastikan anak Anda mendapatkan imunisasi sesuai jadwal yang telah ditentukan.",Kehamilan,Ditolak,231487,206135,,2026-05-22 10:49:10,2026-05-22 10:49:10
196,Pentingnya Buku KIA (Bagian 9),"Imunisasi adalah upaya pemberian vaksin untuk membentuk kekebalan tubuh terhadap penyakit tertentu. Di Indonesia, program imunisasi dasar lengkap meliputi HB-0, BCG, Polio, DPT-HB-Hib, dan MR. Imunisasi sangat penting untuk mencegah penyakit berbahaya seperti campak, polio, dan tuberkulosis. Pastikan anak Anda mendapatkan imunisasi sesuai jadwal yang telah ditentukan.

Jadwal imunisasi yang teratur akan melindungi anak dari berbagai penyakit infeksi. Kekebalan kelompok (herd immunity) tercapai jika minimal 95% anak telah diimunisasi. Oleh karena itu, partisipasi aktif orang tua sangat diperlukan. Jangan ragu untuk berkonsultasi dengan bidan atau dokter anak tentang jadwal imunisasi.

Efek samping imunisasi umumnya ringan seperti demam ringan atau bengkak di bekas suntikan. Hal ini normal dan akan hilang dalam 1-2 hari. Berikan ASI lebih sering atau kompres hangat untuk mengurangi rasa tidak nyaman. Segera hubungi tenaga kesehatan jika terjadi reaksi berat.",Penyakit,Diarsipkan,237958,,,2026-04-28 08:23:03,2026-04-28 08:23:03
197,Gizi Seimbang untuk Balita (Bagian 9),"Gizi seimbang berarti konsumsi makanan beragam dalam jumlah cukup sesuai kebutuhan tubuh. Prinsip gizi seimbang: makan makanan dengan komposisi karbohidrat, protein, lemak sehat, vitamin, mineral, dan air. Anak balita membutuhkan energi lebih besar per kilogram berat badan dibanding orang dewasa.

Pola makan yang baik akan mendukung pertumbuhan dan perkembangan optimal. Hindari makanan tinggi gula dan lemak jenuh. Biasakan anak makan sayur dan buah setiap hari. Libatkan anak dalam menyiapkan makanan agar mereka lebih tertarik untuk mencoba.

Menu makanan balita harus mengandung sumber energi (nasi, roti, ubi), sumber pembangun (ikan, telur, daging, tahu, tempe), dan sumber pengatur (sayur, buah). Kekurangan zat besi dapat menyebabkan anemia dan mengganggu perkembangan kognitif anak. Berikan hati ayam, bayam, atau kacang-kacangan.",Penyakit,Menunggu Verifikasi,220052,,,2026-01-10 10:39:26,2026-01-10 10:39:26
198,Manfaat Imunisasi untuk Anak (Bagian 9),"Efek samping imunisasi umumnya ringan seperti demam ringan atau bengkak di bekas suntikan. Hal ini normal dan akan hilang dalam 1-2 hari. Berikan ASI lebih sering atau kompres hangat untuk mengurangi rasa tidak nyaman. Segera hubungi tenaga kesehatan jika terjadi reaksi berat.

Imunisasi adalah upaya pemberian vaksin untuk membentuk kekebalan tubuh terhadap penyakit tertentu. Di Indonesia, program imunisasi dasar lengkap meliputi HB-0, BCG, Polio, DPT-HB-Hib, dan MR. Imunisasi sangat penting untuk mencegah penyakit berbahaya seperti campak, polio, dan tuberkulosis. Pastikan anak Anda mendapatkan imunisasi sesuai jadwal yang telah ditentukan.

Jadwal imunisasi yang teratur akan melindungi anak dari berbagai penyakit infeksi. Kekebalan kelompok (herd immunity) tercapai jika minimal 95% anak telah diimunisasi. Oleh karena itu, partisipasi aktif orang tua sangat diperlukan. Jangan ragu untuk berkonsultasi dengan bidan atau dokter anak tentang jadwal imunisasi.",Kehamilan,Dipublikasikan,209973,243549,2025-09-16,2026-05-11 20:53:15,2026-05-11 20:53:15
199,Pentingnya Buku KIA (Bagian 9),"Jadwal imunisasi yang teratur akan melindungi anak dari berbagai penyakit infeksi. Kekebalan kelompok (herd immunity) tercapai jika minimal 95% anak telah diimunisasi. Oleh karena itu, partisipasi aktif orang tua sangat diperlukan. Jangan ragu untuk berkonsultasi dengan bidan atau dokter anak tentang jadwal imunisasi.

Imunisasi adalah upaya pemberian vaksin untuk membentuk kekebalan tubuh terhadap penyakit tertentu. Di Indonesia, program imunisasi dasar lengkap meliputi HB-0, BCG, Polio, DPT-HB-Hib, dan MR. Imunisasi sangat penting untuk mencegah penyakit berbahaya seperti campak, polio, dan tuberkulosis. Pastikan anak Anda mendapatkan imunisasi sesuai jadwal yang telah ditentukan.

Efek samping imunisasi umumnya ringan seperti demam ringan atau bengkak di bekas suntikan. Hal ini normal dan akan hilang dalam 1-2 hari. Berikan ASI lebih sering atau kompres hangat untuk mengurangi rasa tidak nyaman. Segera hubungi tenaga kesehatan jika terjadi reaksi berat.",Gizi,Diarsipkan,200454,,,2026-03-16 21:17:28,2026-03-16 21:17:28
200,Jadwal Imunisasi Lengkap (Bagian 10),"Jadwal imunisasi yang teratur akan melindungi anak dari berbagai penyakit infeksi. Kekebalan kelompok (herd immunity) tercapai jika minimal 95% anak telah diimunisasi. Oleh karena itu, partisipasi aktif orang tua sangat diperlukan. Jangan ragu untuk berkonsultasi dengan bidan atau dokter anak tentang jadwal imunisasi.

Imunisasi adalah upaya pemberian vaksin untuk membentuk kekebalan tubuh terhadap penyakit tertentu. Di Indonesia, program imunisasi dasar lengkap meliputi HB-0, BCG, Polio, DPT-HB-Hib, dan MR. Imunisasi sangat penting untuk mencegah penyakit berbahaya seperti campak, polio, dan tuberkulosis. Pastikan anak Anda mendapatkan imunisasi sesuai jadwal yang telah ditentukan.

Efek samping imunisasi umumnya ringan seperti demam ringan atau bengkak di bekas suntikan. Hal ini normal dan akan hilang dalam 1-2 hari. Berikan ASI lebih sering atau kompres hangat untuk mengurangi rasa tidak nyaman. Segera hubungi tenaga kesehatan jika terjadi reaksi berat.",Gizi,Menunggu Verifikasi,221971,,,2026-05-25 21:52:27,2026-05-25 21:52:27
